"","plot","treat","background","focal","num_comp","num_seeds","fruit_date"
"1",402,"D","ACWR","SACO",9,44,"1-Jun"
"2",404,"D","HOMU","SACO",16,28,"25-May"
"3",405,"D","FEMI","SACO",22,12,"25-May"
"4",405,"D","FEMI","SACO",55,8,"1-Jun"
"5",405,"D","FEMI","SACO",75,292,"19-Jun"
"6",407,"W","HOMU","SACO",14,104,"1-Jun"
"7",407,"W","HOMU","SACO",11,64,"1-Jun"
"8",407,"W","HOMU","SACO",6,952,"19-Jun"
"9",407,"W","HOMU","SACO",15,20,"1-Jun"
"10",407,"W","HOMU","SACO",7,428,"1-Jun"
"11",407,"W","HOMU","SACO",18,248,"19-Jun"
"12",408,"W","PLER","SACO",45,52,"1-Jun"
"13",408,"W","PLER","SACO",48,76,"1-Jun"
"14",408,"W","PLER","SACO",35,4,"1-Jun"
"15",408,"W","PLER","SACO",55,28,"1-Jun"
"16",408,"W","PLER","SACO",25,104,"1-Jun"
"17",409,"W","FEMI","SACO",65,12,"1-Jun"
"18",411,"D","FEMI","SACO",48,20,"1-Jun"
"19",411,"D","FEMI","SACO",27,64,"25-May"
"20",411,"D","FEMI","SACO",45,28,"1-Jun"
"21",411,"D","FEMI","SACO",35,12,"1-Jun"
"22",412,"D","SACO","SACO",90,12,"1-Jun"
"23",412,"D","SACO","SACO",90,28,"1-Jun"
"24",412,"D","SACO","SACO",90,12,"1-Jun"
"25",412,"D","SACO","SACO",90,12,"1-Jun"
"26",412,"D","SACO","SACO",90,44,"1-Jun"
"27",413,"D","HOMU","SACO",24,152,"1-Jun"
"28",413,"D","HOMU","SACO",20,120,"1-Jun"
"29",414,"D","PLER","SACO",100,36,"1-Jun"
"30",414,"D","PLER","SACO",55,52,"1-Jun"
"31",416,"W","SACO","SACO",100,52,"1-Jun"
"32",416,"W","SACO","SACO",100,92,"1-Jun"
"33",416,"W","SACO","SACO",100,316,"1-Jun"
"34",416,"W","SACO","SACO",100,52,"1-Jun"
"35",416,"W","SACO","SACO",100,160,"1-Jun"
"36",416,"W","SACO","SACO",100,92,"1-Jun"
"37",416,"W","SACO","SACO",100,44,"1-Jun"
"38",416,"W","SACO","SACO",100,52,"1-Jun"
"39",416,"W","SACO","SACO",100,36,"1-Jun"
"40",416,"W","SACO","SACO",35,92,"1-Jun"
"41",416,"W","SACO","SACO",35,52,"1-Jun"
"42",416,"W","SACO","SACO",35,64,"1-Jun"
"43",416,"W","SACO","SACO",35,28,"1-Jun"
"44",416,"W","SACO","SACO",35,28,"1-Jun"
"45",418,"W","FEMI","SACO",17,36,"1-Jun"
"46",419,"W","PLER","SACO",60,36,"25-May"
"47",419,"W","PLER","SACO",90,52,"1-Jun"
"48",421,"D","SACO","SACO",80,104,"19-Jun"
"49",421,"D","SACO","SACO",80,3520,"19-Jun"
"50",421,"D","SACO","SACO",80,916,"19-Jun"
"51",421,"D","HOMU","SACO",13,20,"1-Jun"
"52",421,"D","HOMU","SACO",6,36,"1-Jun"
"53",421,"D","HOMU","SACO",7,36,"1-Jun"
"54",421,"D","HOMU","SACO",10,64,"1-Jun"
"55",421,"D","HOMU","SACO",10,76,"1-Jun"
"56",421,"D","HOMU","SACO",6,136,"1-Jun"
"57",424,"D","ACWR","SACO",8,352,"1-Jun"
"58",424,"D","ACWR","SACO",10,728,"1-Jun"
"59",424,"D","ACWR","SACO",8,260,"6/1/19"
"60",425,"D","FEMI","SACO",120,12,"1-Jun"
"61",425,"D","FEMI","SACO",15,428,"1-Jun"
"62",426,"W","PLER","SACO",29,36,"1-Jun"
"63",426,"W","PLER","SACO",10,28,"1-Jun"
"64",427,"W","HOMU","SACO",4,76,"1-Jun"
"65",427,"W","HOMU","SACO",2,4448,"19-Jun"
"66",428,"W","URLI","SACO",200,36,"1-Jun"
"67",428,"W","URLI","SACO",200,512,"19-Jun"
"68",430,"W","SACO","SACO",33,120,"1-Jun"
"69",430,"W","SACO","SACO",33,104,"1-Jun"
"70",430,"W","SACO","SACO",33,104,"1-Jun"
"71",430,"W","SACO","SACO",33,76,"1-Jun"
"72",430,"W","SACO","SACO",33,44,"1-Jun"
"73",430,"W","SACO","SACO",120,192,"1-Jun"
"74",430,"W","SACO","SACO",120,20,"1-Jun"
"75",430,"W","SACO","SACO",120,120,"1-Jun"
"76",430,"W","SACO","SACO",120,92,"1-Jun"
"77",430,"W","SACO","SACO",120,44,"1-Jun"
"78",431,"D","URLI","SACO",60,92,"1-Jun"
"79",433,"D","HOMU","SACO",1,52,"1-Jun"
"80",433,"D","HOMU","SACO",5,20,"1-Jun"
"81",435,"D","PLER","SACO",80,44,"1-Jun"
"82",435,"D","PLER","SACO",75,36,"1-Jun"
"83",435,"D","PLER","SACO",75,64,"1-Jun"
"84",436,"W","URLI","SACO",100,244,"1-Jun"
"85",436,"W","URLI","SACO",60,408,"1-Jun"
"86",437,"W","ACWR","SACO",45,76,"1-Jun"
"87",444,"D","URLI","SACO",75,92,"1-Jun"
"88",444,"D","URLI","SACO",100,52,"1-Jun"
"89",444,"D","URLI","SACO",50,76,"1-Jun"
"90",444,"D","URLI","SACO",75,328,"1-Jun"
"91",445,"D","SACO","SACO",35,64,"1-Jun"
"92",445,"D","SACO","SACO",35,344,"1-Jun"
"93",445,"D","SACO","SACO",35,52,"1-Jun"
"94",445,"D","SACO","SACO",35,400,"1-Jun"
"95",447,"W","ACWR","SACO",13,256,"25-May"
"96",447,"W","ACWR","SACO",44,104,"1-Jun"
"97",452,"D","ACWR","SACO",70,28,"19-Jun"
"98",452,"D","ACWR","SACO",33,52,"1-Jun"
"99",453,"D","SACO","SACO",17,8,"1-Jun"
"100",453,"D","SACO","SACO",17,52,"1-Jun"
"101",453,"D","SACO","SACO",17,8,"1-Jun"
"102",453,"D","SACO","SACO",17,36,"1-Jun"
"103",456,"W","URLI","SACO",13,3584,"20-Jun"
"104",456,"W","URLI","SACO",40,1952,"20-Jun"
"105",456,"W","URLI","SACO",27,592,"20-Jun"
"106",457,"W","ACWR","SACO",12,1040,"1-Jun"
"107",459,"W","FEMI","SACO",60,52,"1-Jun"
"108",459,"W","FEMI","SACO",40,20,"1-Jun"
"109",462,"D","ACWR","SACO",25,92,"1-Jun"
"110",462,"D","ACWR","SACO",10,120,"1-Jun"
"111",464,"D","FEMI","SACO",120,12,"1-Jun"
"112",464,"D","FEMI","SACO",100,76,"1-Jun"
"113",464,"D","FEMI","SACO",100,8,"1-Jun"
"114",464,"D","FEMI","SACO",180,8,"1-Jun"
"115",467,"W","PLER","SACO",100,64,"1-Jun"
"116",467,"W","PLER","SACO",24,188,"9-Jun"
"117",467,"W","PLER","SACO",100,20,"1-Jun"
"118",467,"W","ACWR","SACO",11,44,"1-Jun"
"119",468,"W","HOMU","SACO",6,52,"1-Jun"
"120",468,"W","HOMU","SACO",6,76,"1-Jun"
"121",470,"W","FEMI","SACO",130,92,"1-Jun"
"122",470,"W","FEMI","SACO",75,104,"1-Jun"
"123",470,"W","FEMI","SACO",65,28,"1-Jun"
"124",470,"W","FEMI","SACO",100,64,"1-Jun"
"125",470,"W","FEMI","SACO",95,52,"1-Jun"
"126",475,"D","HOMU","SACO",28,52,"1-Jun"
"127",475,"D","HOMU","SACO",8,92,"1-Jun"
"128",475,"D","HOMU","SACO",12,84,"1-Jun"
"129",475,"D","HOMU","SACO",8,76,"1-Jun"
"130",475,"D","HOMU","SACO",9,64,"1-Jun"
"131",477,"W","ACWR","SACO",150,312,"1-Jun"
"132",477,"W","HOMU","SACO",10,52,"1-Jun"
"133",477,"W","HOMU","SACO",25,40,"20-Jun"
"134",478,"W","PLER","SACO",110,36,"1-Jun"
"135",478,"W","PLER","SACO",115,52,"1-Jun"
"136",478,"W","PLER","SACO",115,28,"1-Jun"
"137",480,"W","ACWR","SACO",10,8768,"20-Jun"
"138",480,"W","ACWR","SACO",7,620,""
"139",481,"D","PLER","SACO",105,52,"2-Jun"
"140",481,"D","PLER","SACO",73,52,"2-Jun"
"141",482,"D","HOMU","SACO",7,116,"2-Jun"
"142",482,"D","HOMU","SACO",12,44,"2-Jun"
"143",482,"D","HOMU","SACO",11,44,"2-Jun"
"144",482,"D","HOMU","SACO",4,64,"2-Jun"
"145",482,"D","HOMU","SACO",16,52,"2-Jun"
"146",482,"D","HOMU","SACO",16,44,"2-Jun"
"147",483,"D","PLER","SACO",13,72,"20-Jun"
"148",483,"D","ACWR","SACO",11,52,"2-Jun"
"149",485,"D","FEMI","SACO",10,12,"2-Jun"
"150",485,"D","FEMI","SACO",30,64,"2-Jun"
"151",485,"D","FEMI","SACO",21,52,"2-Jun"
"152",485,"D","FEMI","SACO",80,20,"2-Jun"
"153",486,"W","PLER","SACO",85,52,"2-Jun"
"154",486,"W","PLER","SACO",85,52,"2-Jun"
"155",487,"W","FEMI","SACO",80,52,"2-Jun"
"156",487,"W","FEMI","SACO",26,92,"2-Jun"
"157",488,"W","HOMU","SACO",16,12,"2-Jun"
"158",489,"W","SACO","SACO",85,36,"2-Jun"
"159",489,"W","SACO","SACO",85,104,"2-Jun"
"160",489,"W","SACO","SACO",85,52,"2-Jun"
"161",489,"W","SACO","SACO",85,40,"2-Jun"
"162",489,"W","SACO","SACO",48,212,"2-Jun"
"163",489,"W","SACO","SACO",48,816,"2-Jun"
"164",489,"W","SACO","SACO",48,64,"2-Jun"
"165",489,"W","SACO","SACO",48,188,"2-Jun"
"166",491,"D","HOMU","SACO",5,172,"2-Jun"
"167",491,"D","HOMU","SACO",25,228,"2-Jun"
"168",491,"D","HOMU","SACO",11,104,"2-Jun"
"169",491,"D","HOMU","SACO",8,52,"2-Jun"
"170",491,"D","HOMU","SACO",4,120,"2-Jun"
"171",492,"D","FEMI","SACO",80,28,"2-Jun"
"172",492,"D","FEMI","SACO",40,52,"2-Jun"
"173",492,"D","FEMI","SACO",90,12,"2-Jun"
"174",499,"W","HOMU","SACO",8,120,"2-Jun"
"175",499,"W","HOMU","SACO",4,260,"2-Jun"
"176",500,"W","SACO","SACO",160,64,"2-Jun"
"177",500,"W","SACO","SACO",160,92,"2-Jun"
"178",500,"W","SACO","SACO",160,76,"2-Jun"
"179",500,"W","SACO","SACO",160,64,"2-Jun"
"180",500,"W","SACO","SACO",160,64,"2-Jun"
"181",500,"W","SACO","SACO",150,140,"2-Jun"
"182",500,"W","SACO","SACO",150,36,"2-Jun"
"183",500,"W","SACO","SACO",150,64,"2-Jun"
"184",500,"W","SACO","SACO",150,28,"2-Jun"
"185",500,"W","SACO","SACO",150,44,"2-Jun"
"186",501,"D","SACO","SACO",70,216,"2-Jun"
"187",501,"D","SACO","SACO",70,172,"2-Jun"
"188",501,"D","SACO","SACO",70,76,"2-Jun"
"189",501,"D","SACO","SACO",70,64,"2-Jun"
"190",501,"D","SACO","SACO",70,64,"2-Jun"
"191",502,"D","PLER","SACO",60,44,"2-Jun"
"192",502,"D","PLER","SACO",55,40,"2-Jun"
"193",502,"D","PLER","SACO",25,92,"26-May"
"194",502,"D","PLER","SACO",28,172,"26-May"
"195",502,"D","PLER","SACO",46,52,"2-Jun"
"196",504,"D","HOMU","SACO",15,64,"26-May"
"197",504,"D","HOMU","SACO",2,120,"26-May"
"198",504,"D","HOMU","SACO",5,212,"26-May"
"199",505,"D","URLI","SACO",60,104,"2-Jun"
"200",505,"D","URLI","SACO",88,52,"2-Jun"
"201",505,"D","URLI","SACO",64,64,"2-Jun"
"202",505,"D","URLI","SACO",65,28,"2-Jun"
"203",506,"W","SACO","SACO",90,76,"2-Jun"
"204",506,"W","SACO","SACO",90,120,"2-Jun"
"205",506,"W","SACO","SACO",90,76,"2-Jun"
"206",506,"W","SACO","SACO",90,104,"2-Jun"
"207",506,"W","SACO","SACO",90,52,"2-Jun"
"208",507,"W","PLER","SACO",45,52,"2-Jun"
"209",507,"W","PLER","SACO",7,64,"2-Jun"
"210",513,"D","SACO","SACO",60,64,"26-May"
"211",513,"D","SACO","SACO",60,44,"26-May"
"212",515,"D","PLER","SACO",55,12,"2-Jun"
"213",515,"D","SACO","SACO",80,92,"26-May"
"214",515,"D","SACO","SACO",80,64,"26-May"
"215",515,"D","SACO","SACO",80,64,"26-May"
"216",515,"D","SACO","SACO",40,92,"2-Jun"
"217",515,"D","SACO","SACO",40,36,"2-Jun"
"218",515,"D","SACO","SACO",40,92,"2-Jun"
"219",515,"D","SACO","SACO",40,44,"2-Jun"
"220",516,"W","SACO","SACO",70,52,"2-Jun"
"221",516,"W","SACO","SACO",70,268,"2-Jun"
"222",516,"W","SACO","SACO",70,104,"2-Jun"
"223",516,"W","SACO","SACO",70,76,"2-Jun"
"224",516,"W","SACO","SACO",45,92,"26-May"
"225",516,"W","SACO","SACO",45,120,"26-May"
"226",516,"W","SACO","SACO",45,44,"26-May"
"227",518,"W","URLI","SACO",32,212,"26-May"
"228",518,"W","URLI","SACO",38,292,"2-Jun"
"229",519,"W","ACWR","SACO",4,120,"2-Jun"
"230",519,"W","ACWR","SACO",20,684,"2-Jun"
"231",519,"W","ACWR","SACO",21,64,"2-Jun"
"232",520,"W","ACWR","SACO",26,212,"2-Jun"
"233",520,"W","ACWR","SACO",28,64,"2-Jun"
"234",520,"W","ACWR","SACO",9,692,"2-Jun"
"235",522,"D","URLI","SACO",28,104,"2-Jun"
"236",522,"D","URLI","SACO",17,624,"9-Jun"
"237",524,"D","ACWR","SACO",24,64,"2-Jun"
"238",525,"D","SACO","SACO",4,64,"2-Jun"
"239",525,"D","SACO","SACO",4,584,"2-Jun"
"240",525,"D","SACO","SACO",4,120,"2-Jun"
"241",525,"D","SACO","SACO",35,76,"2-Jun"
"242",525,"D","SACO","SACO",35,52,"2-Jun"
"243",525,"D","SACO","SACO",35,36,"2-Jun"
"244",525,"D","SACO","SACO",35,76,"2-Jun"
"245",525,"D","SACO","SACO",35,52,"2-Jun"
"246",525,"D","SACO","SACO",3,120,"2-Jun"
"247",525,"D","SACO","SACO",3,344,"2-Jun"
"248",526,"W","FEMI","SACO",100,64,"26-May"
"249",528,"W","URLI","SACO",45,1432,"20-Jun"
"250",530,"W","ACWR","SACO",18,188,"2-Jun"
"251",531,"D","ACWR","SACO",9,52,"2-Jun"
"252",531,"D","ACWR","SACO",8,76,"2-Jun"
"253",533,"D","URLI","SACO",3,364,"20-Jun"
"254",537,"W","HOMU","SACO",20,52,"2-Jun"
"255",538,"W","ACWR","SACO",12,120,"2-Jun"
"256",451,"D",NA,"SACO",0,292,"26-May"
"257",442,"D",NA,"SACO",0,300,"2-Jun"
"258",442,"D",NA,"SACO",0,104,"2-Jun"
"259",511,"D",NA,"SACO",0,804,"9-Jun"
"260",448,"W",NA,"SACO",0,656,"21-Jun"
"261",448,"W",NA,"SACO",0,572,""
"262",451,"D",NA,"SACO",0,6800,""
"263",508,"W",NA,"SACO",0,1240,""
"264",508,"W",NA,"SACO",0,664,""
"265",511,"D",NA,"SACO",0,324,""
"266",511,"D",NA,"SACO",0,1464,""
"267",521,"D",NA,"SACO",0,644,""
"268",529,"W",NA,"SACO",0,2832,""
"269",529,"W",NA,"SACO",0,1360,""
"270",529,"W",NA,"SACO",0,2412,""
"271",532,"D",NA,"SACO",0,1504,""
"272",532,"D",NA,"SACO",0,2340,""
"273",532,"D",NA,"SACO",0,2048,""
"274",532,"D",NA,"SACO",0,5312,""
"275",402,"D","ACWR","ACWR",6,1155,"19-Jun"
"276",402,"D","ACWR","ACWR",3,221.375,"19-Jun"
"277",402,"D","ACWR","ACWR",12,1819.125,"19-Jun"
"278",402,"D","ACWR","ACWR",11,895.125,"19-Jun"
"279",404,"D","HOMU","ACWR",24,24.0625,"9-Jun"
"280",404,"D","HOMU","ACWR",22,14.4375,"9-Jun"
"281",405,"D","FEMI","ACWR",75,255.0625,"9-Jun"
"282",405,"D","FEMI","ACWR",80,9.625,"9-Jun"
"283",405,"D","FEMI","ACWR",56,4.8125,"19-Jun"
"284",407,"W","HOMU","ACWR",24,14.4375,"9-Jun"
"285",407,"W","HOMU","ACWR",6,717.0625,"19-Jun"
"286",407,"W","HOMU","ACWR",15,125.125,"19-Jun"
"287",408,"W","PLER","ACWR",60,14.4375,"19-Jun"
"288",408,"W","PLER","ACWR",29,81.8125,"19-Jun"
"289",409,"W","FEMI","ACWR",39,72.1875,"9-Jun"
"290",409,"W","FEMI","ACWR",100,4.8125,"9-Jun"
"291",409,"W","FEMI","ACWR",65,9.625,"9-Jun"
"292",410,"W","SACO","ACWR",13,2136.75,"19-Jun"
"293",411,"D","FEMI","ACWR",57,24.0625,"9-Jun"
"294",411,"D","FEMI","ACWR",19,120.3125,"25-May"
"295",412,"D","SACO","ACWR",50,264.6875,"19-Jun"
"296",413,"D","HOMU","ACWR",5,1097.25,"19-Jun"
"297",413,"D","HOMU","ACWR",9,466.8125,"19-Jun"
"298",413,"D","HOMU","ACWR",9,168.4375,"19-Jun"
"299",414,"D","PLER","ACWR",43,206.9375,"19-Jun"
"300",416,"W","SACO","ACWR",100,2271.5,"19-Jun"
"301",416,"W","SACO","ACWR",175,2098.25,"19-Jun"
"302",416,"W","SACO","ACWR",80,1116.5,"19-Jun"
"303",416,"W","SACO","ACWR",22,2714.25,"19-Jun"
"304",416,"W","SACO","ACWR",40,481.25,"19-Jun"
"305",418,"W","FEMI","ACWR",50,1010.625,"19-Jun"
"306",418,"W","FEMI","ACWR",35,500.5,"19-Jun"
"307",419,"W","PLER","ACWR",9,197.3125,"19-Jun"
"308",419,"W","PLER","ACWR",27,4.8125,"9-Jun"
"309",421,"D","HOMU","ACWR",4,481.25,"9-Jun"
"310",421,"D","HOMU","ACWR",9,158.8125,"19-Jun"
"311",421,"D","HOMU","ACWR",15,72.1875,"19-Jun"
"312",421,"D","HOMU","ACWR",10,77,"19-Jun"
"313",421,"D","HOMU","ACWR",10,33.6875,"19-Jun"
"314",424,"D","ACWR","ACWR",7,1232,"9-Jun"
"315",424,"D","ACWR","ACWR",7,875.875,"9-Jun"
"316",424,"D","ACWR","ACWR",7,866.25,"9-Jun"
"317",424,"D","ACWR","ACWR",7,577.5,"9-Jun"
"318",425,"D","FEMI","ACWR",3,120.3125,"9-Jun"
"319",425,"D","FEMI","ACWR",14,2579.5,"19-Jun"
"320",425,"D","FEMI","ACWR",50,158.8125,"9-Jun"
"321",425,"D","FEMI","ACWR",45,52.9375,"19-Jun"
"322",426,"W","PLER","ACWR",45,62.5625,"9-Jun"
"323",426,"W","PLER","ACWR",55,57.75,"9-Jun"
"324",426,"W","PLER","ACWR",23,163.625,"1-Jun"
"325",426,"W","PLER","ACWR",24,38.5,"9-Jun"
"326",426,"W","PLER","ACWR",18,110.6875,"1-Jun"
"327",427,"W","HOMU","ACWR",3,693,"9-Jun"
"328",427,"W","HOMU","ACWR",3,264.6875,"9-Jun"
"329",428,"W","URLI","ACWR",41,914.375,"19-Jun"
"330",428,"W","URLI","ACWR",160,351.3125,"19-Jun"
"331",428,"W","URLI","ACWR",160,895.125,"19-Jun"
"332",428,"W","URLI","ACWR",200,380.1875,"19-Jun"
"333",430,"W","SACO","ACWR",20,192.5,"19-Jun"
"334",430,"W","SACO","ACWR",31,842.1875,"19-Jun"
"335",430,"W","SACO","ACWR",33,702.625,"19-Jun"
"336",430,"W","SACO","ACWR",70,356.125,"19-Jun"
"337",430,"W","SACO","ACWR",7,1251.25,"19-Jun"
"338",430,"W","SACO","ACWR",80,1463,"19-Jun"
"339",431,"D","URLI","ACWR",95,1309,"19-Jun"
"340",431,"D","URLI","ACWR",34,308,"19-Jun"
"341",431,"D","URLI","ACWR",27,2040.5,"19-Jun"
"342",431,"D","URLI","ACWR",70,885.5,"19-Jun"
"343",431,"D","URLI","ACWR",110,981.75,"19-Jun"
"344",431,"D","URLI","ACWR",150,871.0625,"9-Jun"
"345",433,"D","PLER","ACWR",80,52.9375,"9-Jun"
"346",433,"D","PLER","ACWR",25,28.875,"19-Jun"
"347",433,"D","PLER","ACWR",85,105.875,"19-Jun"
"348",433,"D","HOMU","ACWR",8,409.0625,"9-Jun"
"349",435,"D","PLER","ACWR",85,38.5,"9-Jun"
"350",435,"D","PLER","ACWR",26,81.8125,"9-Jun"
"351",436,"W","URLI","ACWR",5,1655.5,"19-Jun"
"352",436,"W","URLI","ACWR",23,1867.25,"19-Jun"
"353",436,"W","URLI","ACWR",23,563.0625,"19-Jun"
"354",436,"W","URLI","ACWR",55,519.75,"19-Jun"
"355",444,"D","URLI","ACWR",100,673.75,"19-Jun"
"356",444,"D","URLI","ACWR",80,4312,"19-Jun"
"357",445,"D","SACO","ACWR",45,2502.5,"19-Jun"
"358",445,"D","SACO","ACWR",60,2194.5,"19-Jun"
"359",445,"D","SACO","ACWR",60,481.25,"19-Jun"
"360",445,"D","SACO","ACWR",50,2367.75,"19-Jun"
"361",445,"D","SACO","ACWR",80,712.25,"19-Jun"
"362",445,"D","SACO","ACWR",90,981.75,"19-Jun"
"363",445,"D","SACO","ACWR",35,3850,"19-Jun"
"364",447,"W","ACWR","ACWR",40,452.375,"9-Jun"
"365",447,"W","ACWR","ACWR",40,101.0625,"9-Jun"
"366",447,"W","ACWR","ACWR",40,293.5625,"9-Jun"
"367",447,"W","ACWR","ACWR",40,96.25,"9-Jun"
"368",447,"W","ACWR","ACWR",40,96.25,"9-Jun"
"369",447,"W","ACWR","ACWR",21,38.5,"9-Jun"
"370",447,"W","ACWR","ACWR",21,105.875,"9-Jun"
"371",447,"W","ACWR","ACWR",21,139.5625,"9-Jun"
"372",447,"W","ACWR","ACWR",21,187.6875,"9-Jun"
"373",449,"W","SACO","ACWR",60,616,"19-Jun"
"374",452,"D","ACWR","ACWR",55,72.1875,"9-Jun"
"375",452,"D","ACWR","ACWR",55,635.25,"9-Jun"
"376",452,"D","ACWR","ACWR",55,125.125,"9-Jun"
"377",452,"D","ACWR","ACWR",55,28.875,"9-Jun"
"378",452,"D","ACWR","ACWR",55,57.75,"9-Jun"
"379",454,"D","URLI","ACWR",4,158.8125,"19-Jun"
"380",456,"W","URLI","ACWR",28,3388,"19-Jun"
"381",456,"W","URLI","ACWR",20,2233,"19-Jun"
"382",456,"W","URLI","ACWR",23,4812.5,"19-Jun"
"383",457,"W","ACWR","ACWR",28,433.125,"20-Jun"
"384",457,"W","ACWR","ACWR",28,413.875,"20-Jun"
"385",457,"W","ACWR","ACWR",28,192.5,"20-Jun"
"386",457,"W","ACWR","ACWR",28,1443.75,"20-Jun"
"387",457,"W","ACWR","ACWR",6,1443.75,"20-Jun"
"388",457,"W","ACWR","ACWR",6,712.25,"20-Jun"
"389",459,"W","FEMI","ACWR",115,154,"20-Jun"
"390",459,"W","FEMI","ACWR",35,62.5625,"9-Jun"
"391",462,"D","ACWR","ACWR",21,163.625,"9-Jun"
"392",462,"D","ACWR","ACWR",21,240.625,"9-Jun"
"393",462,"D","ACWR","ACWR",21,120.3125,"9-Jun"
"394",462,"D","ACWR","ACWR",21,1145.375,"9-Jun"
"395",462,"D","ACWR","ACWR",21,346.5,"9-Jun"
"396",462,"D","ACWR","ACWR",21,77,"9-Jun"
"397",462,"D","ACWR","ACWR",21,173.25,"9-Jun"
"398",462,"D","ACWR","ACWR",21,168.4375,"9-Jun"
"399",462,"D","ACWR","ACWR",21,173.25,"9-Jun"
"400",462,"D","ACWR","ACWR",21,211.75,"9-Jun"
"401",464,"D","FEMI","ACWR",120,211.75,"9-Jun"
"402",464,"D","FEMI","ACWR",100,91.4375,"9-Jun"
"403",464,"D","FEMI","ACWR",120,28.875,"20-Jun"
"404",464,"D","FEMI","ACWR",120,14.4375,"9-Jun"
"405",464,"D","FEMI","ACWR",100,86.625,"9-Jun"
"406",467,"W","PLER","ACWR",115,163.625,"9-Jun"
"407",468,"W","HOMU","ACWR",7,28.875,"9-Jun"
"408",468,"W","HOMU","ACWR",8,649.6875,"20-Jun"
"409",468,"W","HOMU","ACWR",10,182.875,"20-Jun"
"410",470,"W","FEMI","ACWR",95,750.75,"20-Jun"
"411",470,"W","FEMI","ACWR",46,808.5,"20-Jun"
"412",470,"W","FEMI","ACWR",46,182.875,"20-Jun"
"413",470,"W","FEMI","ACWR",46,380.1875,"20-Jun"
"414",470,"W","FEMI","ACWR",26,572.6875,"20-Jun"
"415",475,"D","HOMU","ACWR",16,91.4375,"20-Jun"
"416",475,"D","HOMU","ACWR",25,250.25,"20-Jun"
"417",475,"D","HOMU","ACWR",17,221.375,"9-Jun"
"418",475,"D","HOMU","ACWR",8,91.4375,"20-Jun"
"419",477,"W","ACWR","ACWR",30,288.75,"20-Jun"
"420",477,"W","ACWR","ACWR",30,534.1875,"20-Jun"
"421",477,"W","ACWR","ACWR",30,240.625,"20-Jun"
"422",477,"W","ACWR","ACWR",30,202.125,"20-Jun"
"423",477,"W","HOMU","ACWR",22,202.125,"20-Jun"
"424",477,"W","HOMU","ACWR",15,62.5625,"9-Jun"
"425",477,"W","HOMU","ACWR",8,351.3125,"9-Jun"
"426",477,"W","HOMU","ACWR",2,370.5625,"9-Jun"
"427",477,"W","HOMU","ACWR",12,360.9375,"9-Jun"
"428",478,"W","PLER","ACWR",150,110.6875,"9-Jun"
"429",478,"W","PLER","ACWR",150,33.6875,"9-Jun"
"430",478,"W","PLER","ACWR",150,24.0625,"9-Jun"
"431",478,"W","PLER","ACWR",130,86.625,"1-Jun"
"432",478,"W","PLER","ACWR",115,19.25,"9-Jun"
"433",480,"W","ACWR","ACWR",25,635.25,"20-Jun"
"434",480,"W","ACWR","ACWR",25,924,"20-Jun"
"435",480,"W","ACWR","ACWR",25,635.25,"20-Jun"
"436",480,"W","ACWR","ACWR",6,1155,"20-Jun"
"437",481,"D","PLER","ACWR",140,48.125,"9-Jun"
"438",481,"D","PLER","ACWR",150,48.125,"9-Jun"
"439",481,"D","PLER","ACWR",9,33.6875,"20-Jun"
"440",481,"D","PLER","ACWR",58,298.375,"20-Jun"
"441",481,"D","PLER","ACWR",75,154,"Jun-91"
"442",482,"D","HOMU","ACWR",13,110.6875,"9-Jun"
"443",482,"D","HOMU","ACWR",9,173.25,"9-Jun"
"444",482,"D","HOMU","ACWR",8,120.3125,"9-Jun"
"445",483,"D","ACWR","ACWR",23,144.375,"9-Jun"
"446",483,"D","ACWR","ACWR",23,101.0625,"9-Jun"
"447",483,"D","ACWR","ACWR",23,33.6875,"9-Jun"
"448",483,"D","ACWR","ACWR",23,202.125,"9-Jun"
"449",483,"D","ACWR","ACWR",23,72.1875,"9-Jun"
"450",483,"D","PLER","ACWR",130,163.625,"9-Jun"
"451",483,"D","PLER","ACWR",49,125.125,"20-Jun"
"452",485,"D","FEMI","ACWR",70,38.5,"9-Jun"
"453",486,"W","PLER","ACWR",75,28.875,"9-Jun"
"454",486,"W","PLER","ACWR",75,158.8125,"9-Jun"
"455",486,"W","PLER","ACWR",60,206.9375,"9-Jun"
"456",486,"W","PLER","ACWR",55,269.5,"9-Jun"
"457",487,"W","FEMI","ACWR",45,336.875,"20-Jun"
"458",487,"W","FEMI","ACWR",18,43.3125,"9-Jun"
"459",489,"W","SACO","ACWR",75,2598.75,"20-Jun"
"460",489,"W","SACO","ACWR",66,875.875,"20-Jun"
"461",491,"D","HOMU","ACWR",7,500.5,"20-Jun"
"462",491,"D","HOMU","ACWR",25,206.9375,"20-Jun"
"463",491,"D","HOMU","ACWR",9,356.125,"20-Jun"
"464",491,"D","HOMU","ACWR",10,96.25,"9-Jun"
"465",492,"D","FEMI","ACWR",13,481.25,"20-Jun"
"466",492,"D","FEMI","ACWR",55,202.125,"20-Jun"
"467",499,"W","HOMU","ACWR",6,770,"20-Jun"
"468",499,"W","HOMU","ACWR",8,712.25,"20-Jun"
"469",499,"W","HOMU","ACWR",4,2175.25,""
"470",500,"W","SACO","ACWR",80,404.25,"20-Jun"
"471",500,"W","SACO","ACWR",60,741.125,"20-Jun"
"472",500,"W","SACO","ACWR",100,163.625,"9-Jun"
"473",500,"W","SACO","ACWR",100,596.75,"20-Jun"
"474",500,"W","SACO","ACWR",200,452.375,"20-Jun"
"475",501,"D","SACO","ACWR",35,943.25,"20-Jun"
"476",502,"D","PLER","ACWR",50,211.75,"20-Jun"
"477",502,"D","PLER","ACWR",26,269.5,"9-Jun"
"478",504,"D","HOMU","ACWR",2,1020.25,"20-Jun"
"479",504,"D","HOMU","ACWR",10,168.4375,"9-Jun"
"480",505,"D","URLI","ACWR",85,972.125,"20-Jun"
"481",505,"D","URLI","ACWR",60,1674.75,"20-Jun"
"482",505,"D","URLI","ACWR",100,2290.75,"20-Jun"
"483",505,"D","URLI","ACWR",92,351.3125,"9-Jun"
"484",505,"D","URLI","ACWR",60,2406.25,"20-Jun"
"485",506,"W","SACO","ACWR",125,1049.125,"20-Jun"
"486",506,"W","SACO","ACWR",60,2136.75,"20-Jun"
"487",507,"W","SACO","ACWR",18,1559.25,"20-Jun"
"488",507,"W","SACO","ACWR",16,2560.25,"20-Jun"
"489",507,"W","PLER","ACWR",33,279.125,"20-Jun"
"490",510,"W","URLI","ACWR",42,510.125,""
"491",513,"D","SACO","ACWR",60,505.3125,"9-Jun"
"492",516,"W","SACO","ACWR",21,3195.5,"20-Jun"
"493",516,"W","SACO","ACWR",25,14938,"20-Jun"
"494",516,"W","SACO","ACWR",42,866.25,"20-Jun"
"495",516,"W","SACO","ACWR",53,1694,"20-Jun"
"496",516,"W","SACO","ACWR",17,5236,"20-Jun"
"497",516,"W","SACO","ACWR",60,385,"20-Jun"
"498",518,"W","URLI","ACWR",51,178.0625,"9-Jun"
"499",518,"W","URLI","ACWR",36,789.25,"9-Jun"
"500",519,"W","ACWR","ACWR",11,250.25,"9-Jun"
"501",519,"W","ACWR","ACWR",11,149.1875,"9-Jun"
"502",519,"W","ACWR","ACWR",11,77,"9-Jun"
"503",519,"W","ACWR","ACWR",11,423.5,"9-Jun"
"504",520,"W","ACWR","ACWR",16,1366.75,"9-Jun"
"505",520,"W","ACWR","ACWR",16,2175.25,"9-Jun"
"506",520,"W","ACWR","ACWR",16,1540,"9-Jun"
"507",520,"W","ACWR","ACWR",16,312.8125,"9-Jun"
"508",520,"W","ACWR","ACWR",16,202.125,"9-Jun"
"509",520,"W","ACWR","ACWR",16,409.0625,"9-Jun"
"510",520,"W","ACWR","ACWR",16,577.5,"9-Jun"
"511",520,"W","ACWR","ACWR",16,288.75,"9-Jun"
"512",520,"W","ACWR","ACWR",16,120.3125,"9-Jun"
"513",520,"W","ACWR","ACWR",16,264.6875,"9-Jun"
"514",522,"D","URLI","ACWR",16,24.0625,"9-Jun"
"515",522,"D","URLI","ACWR",37,2040.5,"20-Jun"
"516",524,"D","ACWR","ACWR",7,505.3125,"9-Jun"
"517",524,"D","ACWR","ACWR",7,375.375,"9-Jun"
"518",524,"D","ACWR","ACWR",7,19.25,"9-Jun"
"519",524,"D","ACWR","ACWR",7,216.5625,"9-Jun"
"520",524,"D","ACWR","ACWR",7,466.8125,"9-Jun"
"521",524,"D","ACWR","ACWR",7,500.5,"9-Jun"
"522",524,"D","ACWR","ACWR",7,129.9375,"9-Jun"
"523",525,"D","SACO","ACWR",1,1713.25,"20-Jun"
"524",525,"D","SACO","ACWR",90,308,"20-Jun"
"525",525,"D","SACO","ACWR",2,2079,"20-Jun"
"526",526,"W","FEMI","ACWR",70,216.5625,"20-Jun"
"527",526,"W","FEMI","ACWR",65,693,"20-Jun"
"528",526,"W","FEMI","ACWR",85,308,"20-Jun"
"529",528,"W","URLI","ACWR",7,3542,"20-Jun"
"530",530,"W","ACWR","ACWR",43,178.0625,"20-Jun"
"531",530,"W","ACWR","ACWR",43,57.75,"20-Jun"
"532",530,"W","ACWR","ACWR",43,120.3125,"20-Jun"
"533",530,"W","ACWR","ACWR",43,178.0625,"20-Jun"
"534",530,"W","ACWR","ACWR",13,1463,"20-Jun"
"535",530,"W","ACWR","ACWR",13,192.5,"20-Jun"
"536",530,"W","ACWR","ACWR",13,332.0625,"20-Jun"
"537",530,"W","ACWR","ACWR",13,288.75,"20-Jun"
"538",531,"D","ACWR","ACWR",15,1453.375,"20-Jun"
"539",531,"D","ACWR","ACWR",8,962.5,"20-Jun"
"540",533,"D","URLI","ACWR",4,2387,"20-Jun"
"541",533,"D","URLI","ACWR",10,2964.5,"20-Jun"
"542",538,"W","ACWR","ACWR",13,1232,"20-Jun"
"543",538,"W","ACWR","ACWR",13,967.3125,"20-Jun"
"544",538,"W","ACWR","ACWR",13,1232,"20-Jun"
"545",538,"W","ACWR","ACWR",11,452.375,"20-Jun"
"546",442,"D",NA,"ACWR",0,240.625,"2-Jun"
"547",442,"D",NA,"ACWR",0,875.875,"9-Jun"
"548",442,"D",NA,"ACWR",0,1222.375,"9-Jun"
"549",514,"D",NA,"ACWR",0,952.875,"8-Jun"
"550",539,"W",NA,"ACWR",0,1207.9375,"8-Jun"
"551",448,"W",NA,"ACWR",0,433.125,""
"552",451,"D",NA,"ACWR",0,13783,""
"553",451,"D",NA,"ACWR",0,4504.5,""
"554",451,"D",NA,"ACWR",0,1270.5,""
"555",451,"D",NA,"ACWR",0,1058.75,""
"556",508,"W",NA,"ACWR",0,2329.25,""
"557",508,"W",NA,"ACWR",0,1174.25,""
"558",511,"D",NA,"ACWR",0,6237,""
"559",511,"D",NA,"ACWR",0,17556,""
"560",511,"D",NA,"ACWR",0,7392,""
"561",511,"D",NA,"ACWR",0,3416.875,""
"562",521,"D",NA,"ACWR",0,4389,""
"563",521,"D",NA,"ACWR",0,5659.5,""
"564",529,"W",NA,"ACWR",0,5159,""
"565",529,"W",NA,"ACWR",0,19250,""
"566",532,"D",NA,"ACWR",0,866.25,""
"567",532,"D",NA,"ACWR",0,904.75,""
"568",402,"D","ACWR","PLER",11,2,"4/6/19"
"569",402,"D","ACWR","PLER",5,480,"1-Jun"
"570",404,"D","HOMU","PLER",12,32,"5/16/19"
"571",404,"D","HOMU","PLER",15,26,"16-May"
"572",404,"D","HOMU","PLER",15,72,"16-May"
"573",404,"D","HOMU","PLER",15,42,"16-May"
"574",404,"D","HOMU","PLER",25,62,"16-May"
"575",404,"D","HOMU","PLER",15,120,"25-May"
"576",405,"D","FEMI","PLER",100,16,"16-May"
"577",405,"D","FEMI","PLER",100,10,"16-May"
"578",405,"D","FEMI","PLER",50,6,"16-May"
"579",405,"D","FEMI","PLER",50,42,"16-May"
"580",407,"W","HOMU","PLER",16,109,"25-May"
"581",407,"W","HOMU","PLER",7,110,"1-Jun"
"582",407,"W","HOMU","PLER",16,124,"25-May"
"583",407,"W","HOMU","PLER",16,78,"25-May"
"584",407,"W","HOMU","PLER",11,70,"25-May"
"585",407,"W","HOMU","PLER",22,20,"25-May"
"586",407,"W","HOMU","PLER",10,16,"25-May"
"587",408,"W","PLER","PLER",45,12,"16-May"
"588",408,"W","PLER","PLER",45,18,"16-May"
"589",408,"W","PLER","PLER",45,18,"16-May"
"590",408,"W","PLER","PLER",45,10,"16-May"
"591",408,"W","PLER","PLER",45,10,"16-May"
"592",408,"W","PLER","PLER",45,16,"16-May"
"593",408,"W","PLER","PLER",45,14,"16-May"
"594",408,"W","PLER","PLER",45,20,"16-May"
"595",409,"W","FEMI","PLER",90,58,"16-May"
"596",409,"W","FEMI","PLER",55,20,"25-May"
"597",410,"W","SACO","PLER",22,592,"1-Jun"
"598",410,"W","SACO","PLER",8,288,"1-Jun"
"599",411,"D","FEMI","PLER",23,156,"1-Jun"
"600",411,"D","FEMI","PLER",63,188,"1-Jun"
"601",411,"D","FEMI","PLER",38,40,"1-Jun"
"602",411,"D","FEMI","PLER",36,116,"16-May"
"603",411,"D","FEMI","PLER",50,36,"16-May"
"604",412,"D","SACO","PLER",90,74,"1-Jun"
"605",413,"D","HOMU","PLER",13,74,"16-May"
"606",413,"D","HOMU","PLER",7,36,"16-May"
"607",413,"D","HOMU","PLER",8,18,"16-May"
"608",413,"D","HOMU","PLER",10,68,"20-May"
"609",414,"D","PLER","PLER",110,14,"16-May"
"610",414,"D","PLER","PLER",110,4,"16-May"
"611",414,"D","PLER","PLER",110,14,"16-May"
"612",414,"D","PLER","PLER",110,10,"16-May"
"613",414,"D","PLER","PLER",110,6,"16-May"
"614",414,"D","PLER","PLER",55,16,"16-May"
"615",414,"D","PLER","PLER",55,14,"16-May"
"616",414,"D","PLER","PLER",55,14,"16-May"
"617",414,"D","PLER","PLER",55,18,"16-May"
"618",414,"D","PLER","PLER",55,6,"16-May"
"619",416,"W","SACO","PLER",55,56,"1-Jun"
"620",416,"W","SACO","PLER",150,832,"1-Jun"
"621",418,"W","FEMI","PLER",7,98,"19-Jun"
"622",418,"W","FEMI","PLER",37,18,"25-May"
"623",418,"W","FEMI","PLER",35,4,"25-May"
"624",419,"W","PLER","PLER",90,36,"25-May"
"625",421,"D","HOMU","PLER",9,52,"25-May"
"626",421,"D","HOMU","PLER",6,36,"17-May"
"627",421,"D","HOMU","PLER",6,50,"17-May"
"628",424,"D","ACWR","PLER",23,180,"17-May"
"629",424,"D","ACWR","PLER",13,368,"25-May"
"630",425,"D","FEMI","PLER",32,78,"17-May"
"631",425,"D","FEMI","PLER",35,78,"17-May"
"632",426,"W","PLER","PLER",14,66,"17-May"
"633",426,"W","PLER","PLER",14,78,"17-May"
"634",426,"W","PLER","PLER",14,18,"17-May"
"635",426,"W","PLER","PLER",14,36,"17-May"
"636",426,"W","PLER","PLER",45,14,"17-May"
"637",426,"W","PLER","PLER",45,26,"17-May"
"638",426,"W","PLER","PLER",45,56,"17-May"
"639",426,"W","PLER","PLER",45,12,"17-May"
"640",427,"W","HOMU","PLER",6,12,"25-May"
"641",427,"W","HOMU","PLER",6,90,"25-May"
"642",428,"W","URLI","PLER",60,104,"25-May"
"643",428,"W","URLI","PLER",40,864,"1-Jun"
"644",430,"W","SACO","PLER",100,432,"25-May"
"645",430,"W","SACO","PLER",100,1312,"1-Jun"
"646",431,"D","URLI","PLER",150,272,"25-May"
"647",431,"D","URLI","PLER",75,736,"1-Jun"
"648",431,"D","URLI","PLER",60,544,"25-May"
"649",433,"D","PLER","PLER",80,4,"17-May"
"650",433,"D","PLER","PLER",80,8,"17-May"
"651",433,"D","PLER","PLER",80,6,"17-May"
"652",433,"D","PLER","PLER",80,4,"17-May"
"653",433,"D","PLER","PLER",80,4,"17-May"
"654",433,"D","HOMU","PLER",9,50,"28-Apr"
"655",433,"D","PLER","PLER",80,2,"17-May"
"656",433,"D","PLER","PLER",80,4,"17-May"
"657",433,"D","PLER","PLER",80,6,"17-May"
"658",433,"D","PLER","PLER",80,2,"17-May"
"659",433,"D","PLER","PLER",80,4,"17-May"
"660",433,"D","PLER","PLER",80,4,"17-May"
"661",433,"D","PLER","PLER",80,4,"17-May"
"662",433,"D","PLER","PLER",80,6,"17-May"
"663",433,"D","PLER","PLER",80,2,"17-May"
"664",433,"D","PLER","PLER",80,4,"17-May"
"665",433,"D","PLER","PLER",80,4,"17-May"
"666",435,"D","PLER","PLER",80,4,"17-May"
"667",435,"D","PLER","PLER",80,8,"17-May"
"668",435,"D","PLER","PLER",80,6,"17-May"
"669",435,"D","PLER","PLER",80,6,"17-May"
"670",435,"D","PLER","PLER",80,10,"17-May"
"671",435,"D","PLER","PLER",80,4,"17-May"
"672",435,"D","PLER","PLER",80,4,"17-May"
"673",435,"D","PLER","PLER",70,4,"17-May"
"674",435,"D","PLER","PLER",70,4,"17-May"
"675",435,"D","PLER","PLER",70,6,"17-May"
"676",435,"D","PLER","PLER",70,4,"17-May"
"677",435,"D","PLER","PLER",70,4,"17-May"
"678",435,"D","PLER","PLER",70,8,"17-May"
"679",435,"D","PLER","PLER",70,6,"17-May"
"680",435,"D","PLER","PLER",70,4,"17-May"
"681",436,"W","URLI","PLER",60,288,"1-Jun"
"682",436,"W","URLI","PLER",55,296,"1-Jun"
"683",437,"W","ACWR","PLER",20,360,"1-Jun"
"684",437,"W","ACWR","PLER",55,444,"1-Jun"
"685",437,"W","ACWR","PLER",30,416,"1-Jun"
"686",444,"D","URLI","PLER",70,174,"25-May"
"687",444,"D","URLI","PLER",57,216,"25-May"
"688",444,"D","URLI","PLER",29,374,"25-May"
"689",445,"D","SACO","PLER",75,578,"25-May"
"690",445,"D","SACO","PLER",75,352,"25-May"
"691",447,"W","ACWR","PLER",17,264,"25-May"
"692",447,"W","ACWR","PLER",7,72,"25-May"
"693",452,"D","ACWR","PLER",67,18,"25-May"
"694",452,"D","ACWR","PLER",41,76,"25-May"
"695",453,"D","SACO","PLER",20,22,"17-May"
"696",453,"D","SACO","PLER",30,288,"25-May"
"697",453,"D","SACO","PLER",35,216,"17-May"
"698",456,"W","URLI","PLER",10,624,"25-May"
"699",456,"W","URLI","PLER",13,768,"20-Jun"
"700",457,"W","ACWR","PLER",18,336,"25-May"
"701",457,"W","FEMI","PLER",8,156,"1-Jun"
"702",457,"W","ACWR","PLER",10,432,"25-May"
"703",459,"W","FEMI","PLER",60,108,"25-May"
"704",462,"D","ACWR","PLER",11,440,"25-May"
"705",462,"D","ACWR","PLER",20,120,"25-May"
"706",462,"D","ACWR","PLER",17,148,"25-May"
"707",464,"D","FEMI","PLER",120,68,"25-May"
"708",464,"D","FEMI","PLER",130,50,"19-May"
"709",468,"W","HOMU","PLER",5,240,"1-Jun"
"710",468,"W","HOMU","PLER",7,120,"1-Jun"
"711",468,"W","HOMU","PLER",9,56,"25-May"
"712",468,"W","HOMU","PLER",7,18,"19-May"
"713",470,"W","FEMI","PLER",90,40,"25-May"
"714",470,"W","FEMI","PLER",50,10,"25-May"
"715",475,"D","HOMU","PLER",17,6,"19-May"
"716",475,"D","HOMU","PLER",25,30,"19-May"
"717",475,"D","HOMU","PLER",9,20,"19-May"
"718",475,"D","HOMU","PLER",28,2,"19-May"
"719",477,"W","HOMU","PLER",14,34,"25-May"
"720",477,"W","HOMU","PLER",10,300,"1-Jun"
"721",478,"W","PLER","PLER",150,8,"19-May"
"722",478,"W","PLER","PLER",150,6,"19-May"
"723",478,"W","PLER","PLER",150,8,"19-May"
"724",478,"W","PLER","PLER",150,10,"19-May"
"725",478,"W","PLER","PLER",150,8,"19-May"
"726",478,"W","PLER","PLER",150,10,"19-May"
"727",478,"W","PLER","PLER",150,4,"19-May"
"728",478,"W","PLER","PLER",120,12,"19-May"
"729",478,"W","PLER","PLER",120,12,"19-May"
"730",478,"W","PLER","PLER",120,6,"19-May"
"731",478,"W","PLER","PLER",120,12,"19-May"
"732",478,"W","PLER","PLER",120,12,"19-May"
"733",478,"W","PLER","PLER",120,8,"19-May"
"734",478,"W","PLER","PLER",120,12,"19-May"
"735",478,"W","PLER","PLER",120,8,"19-May"
"736",478,"W","PLER","PLER",120,6,"19-May"
"737",480,"W","ACWR","PLER",17,424,"1-Jun"
"738",480,"W","ACWR","PLER",1,168,"1-Jun"
"739",480,"W","SACO","PLER",2,816,"1-Jun"
"740",481,"D","PLER","PLER",130,12,"19-May"
"741",481,"D","PLER","PLER",130,8,"19-May"
"742",481,"D","PLER","PLER",130,6,"19-May"
"743",481,"D","PLER","PLER",130,10,"19-May"
"744",481,"D","PLER","PLER",130,10,"19-May"
"745",481,"D","PLER","PLER",130,8,"19-May"
"746",481,"D","PLER","PLER",47,52,"19-May"
"747",481,"D","PLER","PLER",47,24,"19-May"
"748",481,"D","PLER","PLER",47,14,"19-May"
"749",481,"D","PLER","PLER",47,18,"19-May"
"750",481,"D","PLER","PLER",47,28,"19-May"
"751",481,"D","PLER","PLER",47,100,"19-May"
"752",482,"D","HOMU","PLER",25,54,"25-May"
"753",482,"D","HOMU","PLER",13,32,"25-May"
"754",482,"D","HOMU","PLER",13,92,"25-May"
"755",482,"D","HOMU","PLER",6,34,"25-May"
"756",482,"D","HOMU","PLER",14,96,"2-Jun"
"757",482,"D","HOMU","PLER",15,34,"2-Jun"
"758",483,"D","ACWR","PLER",13,340,"25-May"
"759",485,"D","FEMI","PLER",110,24,"25-May"
"760",485,"D","FEMI","PLER",34,36,"19-May"
"761",485,"D","FEMI","PLER",100,24,"19-May"
"762",485,"D","FEMI","PLER",30,72,"19-May"
"763",486,"W","PLER","PLER",100,88,"25-May"
"764",486,"W","PLER","PLER",100,32,"25-May"
"765",486,"W","PLER","PLER",100,32,"25-May"
"766",487,"W","FEMI","PLER",68,46,"2-Jun"
"767",487,"W","FEMI","PLER",35,54,"19-May"
"768",487,"W","FEMI","PLER",17,64,"2-Jun"
"769",487,"W","FEMI","PLER",16,12,"19-May"
"770",488,"W","HOMU","PLER",13,18,"19-May"
"771",488,"W","HOMU","PLER",7,88,"25-May"
"772",489,"W","SACO","PLER",120,110,"25-May"
"773",489,"W","SACO","PLER",58,352,"9-Jun"
"774",491,"D","HOMU","PLER",10,256,"25-May"
"775",492,"D","FEMI","PLER",18,168,"25-May"
"776",492,"D","FEMI","PLER",32,100,"25-May"
"777",499,"W","HOMU","PLER",6,56,"25-May"
"778",499,"W","HOMU","PLER",6,78,"25-May"
"779",499,"W","HOMU","PLER",4,114,"2-Jun"
"780",500,"W","SACO","PLER",75,320,"25-May"
"781",500,"W","SACO","PLER",120,360,"25-May"
"782",500,"W","SACO","PLER",100,160,"25-May"
"783",500,"W","SACO","PLER",60,256,"25-May"
"784",500,"W","SACO","PLER",150,408,"25-May"
"785",500,"W","SACO","PLER",180,420,"25-May"
"786",501,"D","SACO","PLER",40,308,"2-Jun"
"787",501,"D","SACO","PLER",85,12,"2-Jun"
"788",501,"D","SACO","PLER",45,600,"2-Jun"
"789",501,"D","SACO","PLER",60,96,"25-May"
"790",501,"D","SACO","PLER",75,248,"20-Jun"
"791",501,"D","SACO","PLER",21,400,"2-Jun"
"792",501,"D","SACO","PLER",15,136,"2-Jun"
"793",501,"D","SACO","PLER",31,752,"2-Jun"
"794",502,"D","PLER","PLER",37,42,"20-May"
"795",502,"D","PLER","PLER",37,144,"20-May"
"796",502,"D","PLER","PLER",37,48,"20-May"
"797",502,"D","PLER","PLER",37,46,"20-May"
"798",502,"D","PLER","PLER",37,66,"20-May"
"799",502,"D","PLER","PLER",55,18,"20-May"
"800",502,"D","PLER","PLER",55,8,"20-May"
"801",502,"D","PLER","PLER",55,14,"20-May"
"802",502,"D","PLER","PLER",55,32,"20-May"
"803",504,"D","HOMU","PLER",4,84,"26-May"
"804",504,"D","HOMU","PLER",3,272,"2-Jun"
"805",504,"D","HOMU","PLER",4,124,"26-May"
"806",504,"D","HOMU","PLER",4,108,"26-May"
"807",505,"D","URLI","PLER",92,172,"2-Jun"
"808",505,"D","URLI","PLER",95,344,"2-Jun"
"809",505,"D","URLI","PLER",68,115,"2-Jun"
"810",505,"D","URLI","PLER",45,464,"2-Jun"
"811",506,"W","SACO","PLER",115,184,"2-Jun"
"812",506,"W","SACO","PLER",85,416,"2-Jun"
"813",506,"W","SACO","PLER",125,312,"2-Jun"
"814",507,"W","PLER","PLER",55,264,"2-Jun"
"815",507,"W","PLER","PLER",55,832,"2-Jun"
"816",507,"W","PLER","PLER",55,72,"2-Jun"
"817",507,"W","PLER","PLER",55,74,"2-Jun"
"818",507,"W","PLER","PLER",55,54,"2-Jun"
"819",507,"W","PLER","PLER",22,108,"2-Jun"
"820",507,"W","PLER","PLER",22,672,"2-Jun"
"821",507,"W","PLER","PLER",22,50,"2-Jun"
"822",507,"W","PLER","PLER",22,180,"2-Jun"
"823",515,"D","SACO","PLER",100,192,"26-May"
"824",515,"D","SACO","PLER",80,256,"26-May"
"825",515,"D","SACO","PLER",35,616,"2-Jun"
"826",515,"D","SACO","PLER",45,1072,"2-Jun"
"827",516,"W","SACO","PLER",48,376,"2-Jun"
"828",516,"W","SACO","PLER",19,416,"2-Jun"
"829",516,"W","SACO","PLER",91,800,"2-Jun"
"830",516,"W","SACO","PLER",95,800,"2-Jun"
"831",518,"W","URLI","PLER",24,128,"2-Jun"
"832",518,"W","URLI","PLER",8,388,"2-Jun"
"833",519,"W","ACWR","PLER",27,224,"26-May"
"834",519,"W","ACWR","PLER",20,136,"26-May"
"835",519,"W","ACWR","PLER",6,224,"2-Jun"
"836",520,"W","ACWR","PLER",80,68,"26-May"
"837",520,"W","ACWR","PLER",40,138,"26-May"
"838",520,"W","ACWR","PLER",15,200,"2-Jun"
"839",522,"D","URLI","PLER",36,56,"26-May"
"840",522,"D","URLI","PLER",36,216,"26-May"
"841",524,"D","ACWR","PLER",7,66,"26-May"
"842",524,"D","ACWR","PLER",24,400,"26-May"
"843",524,"D","ACWR","PLER",24,52,"26-May"
"844",524,"D","ACWR","PLER",15,148,"2-Jun"
"845",525,"D","SACO","PLER",16,128,"2-Jun"
"846",525,"D","SACO","PLER",38,352,"2-Jun"
"847",525,"D","SACO","PLER",75,252,"26-May"
"848",525,"D","ACWR","PLER",18,180,"26-May"
"849",526,"W","FEMI","PLER",80,92,"26-May"
"850",526,"W","FEMI","PLER",55,72,"26-May"
"851",526,"W","FEMI","PLER",100,8,"20-May"
"852",526,"W","FEMI","PLER",150,8,"20-May"
"853",528,"W","URLI","PLER",11,800,"2-Jun"
"854",528,"W","URLI","PLER",24,488,"2-Jun"
"855",528,"W","URLI","PLER",21,1024,"2-Jun"
"856",530,"W","ACWR","PLER",32,240,"26-May"
"857",530,"W","ACWR","PLER",25,90,"26-May"
"858",530,"W","ACWR","PLER",15,192,"26-May"
"859",531,"D","ACWR","PLER",1,452,"2-Jun"
"860",531,"D","ACWR","PLER",21,452,"2-Jun"
"861",531,"D","ACWR","PLER",1,400,"2-Jun"
"862",538,"W","ACWR","PLER",4,320,"2-Jun"
"863",538,"W","ACWR","PLER",4,320,"2-Jun"
"864",442,"D",NA,"PLER",0,768,"26-May"
"865",442,"D",NA,"PLER",0,344,"26-May"
"866",521,"D",NA,"PLER",0,1168,"2-Jun"
"867",521,"D",NA,"PLER",0,704,"2-Jun"
"868",532,"D",NA,"PLER",0,1136,"2-Jun"
"869",532,"D",NA,"PLER",0,1328,"2-Jun"
"870",442,"D",NA,"PLER",0,848,"2-Jun"
"871",451,"D",NA,"PLER",0,460,"2-Jun"
"872",451,"D",NA,"PLER",0,960,"2-Jun"
"873",403,"D",NA,"PLER",0,424,"8-Jun"
"874",466,"W",NA,"PLER",0,768,"8-Jun"
"875",484,"D",NA,"PLER",0,680,"8-Jun"
"876",461,"D",NA,"PLER",0,756,"9-Jun"
"877",525,"D",NA,"PLER",0,832,"20-May"
"878",521,"D",NA,"PLER",0,296,"20-May"
"879",484,"D",NA,"PLER",0,944,"20-May"
"880",448,"W",NA,"PLER",0,560,""
"881",448,"W",NA,"PLER",0,840,""
"882",451,"D",NA,"PLER",0,1552,""
"883",451,"D",NA,"PLER",0,1888,""
"884",508,"W",NA,"PLER",0,920,""
"885",508,"W",NA,"PLER",0,912,""
"886",511,"D",NA,"PLER",0,720,""
"887",511,"D",NA,"PLER",0,424,""
"888",511,"D",NA,"PLER",0,1344,""
"889",511,"D",NA,"PLER",0,776,""
"890",529,"W",NA,"PLER",0,2240,""
"891",529,"W",NA,"PLER",0,2592,""
"892",529,"W",NA,"PLER",0,1824,""
"893",402,"D","ACWR","HOMU",8,1640,"25-May"
"894",402,"D","ACWR","HOMU",2,520,"25-May"
"895",404,"D","HOMU","HOMU",48,57,"25-May"
"896",404,"D","HOMU","HOMU",24,51,"25-May"
"897",404,"D","HOMU","HOMU",48,127,"25-May"
"898",404,"D","HOMU","HOMU",48,46,"25-May"
"899",404,"D","HOMU","HOMU",24,18,"25-May"
"900",404,"D","HOMU","HOMU",24,39,"25-May"
"901",405,"D","FEMI","HOMU",45,87,"25-May"
"902",405,"D","FEMI","HOMU",65,120,"25-May"
"903",407,"W","HOMU","HOMU",12,53,"25-May"
"904",407,"W","HOMU","HOMU",16,21,"25-May"
"905",407,"W","HOMU","HOMU",12,23,"25-May"
"906",407,"W","HOMU","HOMU",16,38,"25-May"
"907",408,"W","PLER","HOMU",45,82,"25-May"
"908",408,"W","PLER","HOMU",100,19,"25-May"
"909",409,"W","FEMI","HOMU",90,206,"25-May"
"910",409,"W","FEMI","HOMU",95,93,"25-May"
"911",410,"W","SACO","HOMU",12,1024,"25-May"
"912",411,"D","FEMI","HOMU",70,127,"25-May"
"913",411,"D","FEMI","HOMU",34,408,"25-May"
"914",412,"D","SACO","HOMU",90,210,"25-May"
"915",412,"D","SACO","HOMU",90,62,"25-May"
"916",412,"D","SACO","HOMU",100,33,"25-May"
"917",413,"D","HOMU","HOMU",12,95,"25-May"
"918",413,"D","HOMU","HOMU",19,41,"25-May"
"919",413,"D","HOMU","HOMU",19,34,"25-May"
"920",414,"D","PLER","HOMU",90,32,"25-May"
"921",414,"D","PLER","HOMU",46,66,"25-May"
"922",416,"W","SACO","HOMU",170,296,"25-May"
"923",416,"W","SACO","HOMU",100,284,"25-May"
"924",418,"W","FEMI","HOMU",50,360,"25-May"
"925",418,"W","FEMI","HOMU",11,108,"25-May"
"926",419,"W","PLER","HOMU",60,284,"25-May"
"927",419,"W","PLER","HOMU",85,34,"25-May"
"928",421,"D","HOMU","HOMU",11,89,"25-May"
"929",421,"D","HOMU","HOMU",5,134,"25-May"
"930",421,"D","HOMU","HOMU",11,64,"25-May"
"931",424,"D","ACWR","HOMU",80,512,"25-May"
"932",424,"D","ACWR","HOMU",4,444,"25-May"
"933",425,"D","FEMI","HOMU",3,248,"25-May"
"934",425,"D","FEMI","HOMU",65,256,"25-May"
"935",426,"W","PLER","HOMU",75,103,"25-May"
"936",426,"W","PLER","HOMU",26,103,"25-May"
"937",427,"W","HOMU","HOMU",4,230,"25-May"
"938",427,"W","HOMU","HOMU",10,148,"25-May"
"939",428,"W","URLI","HOMU",67,480,"25-May"
"940",428,"W","URLI","HOMU",200,608,"25-May"
"941",430,"W","SACO","HOMU",120,464,"25-May"
"942",430,"W","SACO","HOMU",20,188,"25-May"
"943",430,"W","SACO","HOMU",150,49,"25-May"
"944",431,"D","URLI","HOMU",165,344,"25-May"
"945",431,"D","URLI","HOMU",150,360,"25-May"
"946",433,"D","HOMU","HOMU",6,128,"25-May"
"947",433,"D","HOMU","HOMU",6,55,"25-May"
"948",433,"D","HOMU","HOMU",9,102,"25-May"
"949",435,"D","PLER","HOMU",75,19,"25-May"
"950",435,"D","PLER","HOMU",43,51,"25-May"
"951",436,"W","URLI","HOMU",84,408,"25-May"
"952",436,"W","URLI","HOMU",65,62,"25-May"
"953",436,"W","URLI","HOMU",67,180,"25-May"
"954",437,"W","ACWR","HOMU",37,33,"25-May"
"955",437,"W","ACWR","HOMU",55,70,"25-May"
"956",444,"D","URLI","HOMU",100,376,"25-May"
"957",444,"D","URLI","HOMU",66,704,"25-May"
"958",445,"D","SACO","HOMU",70,200,"25-May"
"959",445,"D","SACO","HOMU",65,600,"25-May"
"960",447,"W","ACWR","HOMU",13,280,"25-May"
"961",447,"W","ACWR","HOMU",25,55,"25-May"
"962",449,"W","SACO","HOMU",21,432,"25-May"
"963",449,"W","SACO","HOMU",52,392,"25-May"
"964",449,"W","ACWR","HOMU",17,672,"25-May"
"965",452,"D","ACWR","HOMU",37,108,"25-May"
"966",452,"D","ACWR","HOMU",64,27,"25-May"
"967",454,"D","URLI","HOMU",35,67,"25-May"
"968",456,"W","URLI","HOMU",12,992,"25-May"
"969",456,"W","URLI","HOMU",21,608,"25-May"
"970",457,"W","ACWR","HOMU",20,640,"25-May"
"971",457,"W","ACWR","HOMU",7,600,"25-May"
"972",459,"W","FEMI","HOMU",85,30,"25-May"
"973",459,"W","FEMI","HOMU",60,39,"25-May"
"974",462,"D","ACWR","HOMU",17,35,"25-May"
"975",462,"D","ACWR","HOMU",18,14,"25-May"
"976",464,"D","FEMI","HOMU",120,63,"25-May"
"977",464,"D","FEMI","HOMU",140,58,"25-May"
"978",464,"D","FEMI","HOMU",110,47,"25-May"
"979",464,"D","FEMI","HOMU",120,31,"25-May"
"980",468,"W","HOMU","HOMU",15,39,"25-May"
"981",468,"W","HOMU","HOMU",15,59,"25-May"
"982",468,"W","HOMU","HOMU",16,22,"25-May"
"983",468,"W","HOMU","HOMU",16,29,"25-May"
"984",470,"W","FEMI","HOMU",130,164,"25-May"
"985",470,"W","FEMI","HOMU",64,66,"25-May"
"986",475,"D","HOMU","HOMU",25,15,"25-May"
"987",475,"D","HOMU","HOMU",25,17,"25-May"
"988",475,"D","HOMU","HOMU",30,21,"25-May"
"989",477,"W","HOMU","HOMU",22,116,"25-May"
"990",477,"W","HOMU","HOMU",22,51,"25-May"
"991",478,"W","PLER","HOMU",120,13,"25-May"
"992",478,"W","PLER","HOMU",150,45,"25-May"
"993",480,"W","ACWR","HOMU",9,824,"25-May"
"994",480,"W","ACWR","HOMU",4,984,"25-May"
"995",481,"D","PLER","HOMU",165,43,"25-May"
"996",481,"D","PLER","HOMU",150,17,"25-May"
"997",482,"D","HOMU","HOMU",25,42,"25-May"
"998",482,"D","HOMU","HOMU",25,64,"25-May"
"999",482,"D","HOMU","HOMU",26,39,"25-May"
"1000",482,"D","HOMU","HOMU",26,79,"25-May"
"1001",483,"D","PLER","HOMU",115,19,"25-May"
"1002",483,"D","PLER","HOMU",115,39,"25-May"
"1003",483,"D","PLER","HOMU",33,126,"25-May"
"1004",485,"D","FEMI","HOMU",85,120,"25-May"
"1005",485,"D","FEMI","HOMU",90,49,"25-May"
"1006",485,"D","FEMI","HOMU",120,392,"25-May"
"1007",486,"W","PLER","HOMU",75,15,"25-May"
"1008",486,"W","PLER","HOMU",85,72,"25-May"
"1009",487,"W","FEMI","HOMU",75,46,"25-May"
"1010",487,"W","FEMI","HOMU",16,316,"25-May"
"1011",488,"W","HOMU","HOMU",16,38,"25-May"
"1012",488,"W","HOMU","HOMU",16,74,"25-May"
"1013",489,"W","SACO","HOMU",130,30,"25-May"
"1014",489,"W","SACO","HOMU",70,296,"25-May"
"1015",489,"W","SACO","HOMU",96,300,"25-May"
"1016",491,"D","HOMU","HOMU",30,84,"25-May"
"1017",491,"D","HOMU","HOMU",30,96,"25-May"
"1018",491,"D","HOMU","HOMU",20,84,"25-May"
"1019",491,"D","HOMU","HOMU",20,91,"25-May"
"1020",492,"D","FEMI","HOMU",35,592,"25-May"
"1021",492,"D","FEMI","HOMU",35,300,"25-May"
"1022",492,"D","FEMI","HOMU",100,120,"25-May"
"1023",499,"W","HOMU","HOMU",30,21,"25-May"
"1024",499,"W","HOMU","HOMU",30,62,"25-May"
"1025",499,"W","HOMU","HOMU",30,83,"25-May"
"1026",499,"W","HOMU","HOMU",30,78,"25-May"
"1027",499,"W","HOMU","HOMU",15,79,"25-May"
"1028",499,"W","HOMU","HOMU",15,88,"25-May"
"1029",499,"W","HOMU","HOMU",15,53,"25-May"
"1030",500,"W","SACO","HOMU",80,110,"25-May"
"1031",500,"W","SACO","HOMU",180,84,"25-May"
"1032",500,"W","SACO","HOMU",180,67,"25-May"
"1033",501,"D","SACO","HOMU",42,348,"25-May"
"1034",501,"D","SACO","HOMU",37,272,"25-May"
"1035",501,"D","SACO","HOMU",51,71,"25-May"
"1036",501,"D","SACO","HOMU",33,264,"25-May"
"1037",502,"D","PLER","HOMU",38,368,"26-May"
"1038",502,"D","PLER","HOMU",15,118,"26-May"
"1039",502,"D","PLER","HOMU",15,284,"26-May"
"1040",504,"D","HOMU","HOMU",40,84,"26-May"
"1041",504,"D","HOMU","HOMU",40,104,"26-May"
"1042",504,"D","HOMU","HOMU",22,110,"26-May"
"1043",504,"D","HOMU","HOMU",22,184,"26-May"
"1044",505,"D","URLI","HOMU",110,348,"26-May"
"1045",505,"D","URLI","HOMU",120,368,"26-May"
"1046",506,"W","SACO","HOMU",56,364,"26-May"
"1047",506,"W","SACO","HOMU",80,116,"26-May"
"1048",506,"W","SACO","HOMU",90,352,"26-May"
"1049",506,"W","SACO","HOMU",125,94,"26-May"
"1050",507,"W","SACO","HOMU",65,384,"26-May"
"1051",507,"W","PLER","HOMU",25,624,"26-May"
"1052",510,"W","URLI","HOMU",50,1056,"26-May"
"1053",512,"D","URLI","HOMU",50,13,"26-May"
"1054",515,"D","SACO","HOMU",125,288,"26-May"
"1055",515,"D","SACO","HOMU",90,236,"26-May"
"1056",516,"W","SACO","HOMU",90,912,"26-May"
"1057",516,"W","SACO","HOMU",28,108,"26-May"
"1058",518,"W","URLI","HOMU",41,352,"26-May"
"1059",518,"W","URLI","HOMU",19,220,"26-May"
"1060",519,"W","ACWR","HOMU",18,180,"26-May"
"1061",519,"W","ACWR","HOMU",27,100,"26-May"
"1062",520,"W","ACWR","HOMU",100,132,"26-May"
"1063",520,"W","ACWR","HOMU",29,82,"26-May"
"1064",522,"D","URLI","HOMU",24,224,"26-May"
"1065",522,"D","URLI","HOMU",50,848,"26-May"
"1066",524,"D","ACWR","HOMU",3,504,"26-May"
"1067",524,"D","ACWR","HOMU",22,94,"26-May"
"1068",525,"D","SACO","HOMU",8,992,"26-May"
"1069",525,"D","SACO","HOMU",30,560,"26-May"
"1070",526,"W","FEMI","HOMU",100,164,"26-May"
"1071",526,"W","FEMI","HOMU",70,19,"26-May"
"1072",528,"W","URLI","HOMU",4,848,"26-May"
"1073",528,"W","URLI","HOMU",15,1120,"26-May"
"1074",528,"W","URLI","HOMU",15,760,"26-May"
"1075",530,"W","ACWR","HOMU",16,392,"26-May"
"1076",530,"W","ACWR","HOMU",11,100,""
"1077",530,"W","ACWR","HOMU",2,396,"26-May"
"1078",531,"D","ACWR","HOMU",7,816,"26-May"
"1079",531,"D","ACWR","HOMU",8,316,"26-May"
"1080",533,"D","URLI","HOMU",21,74,"26-May"
"1081",537,"W","HOMU","HOMU",21,50,"26-May"
"1082",537,"W","HOMU","HOMU",21,29,"26-May"
"1083",537,"W","HOMU","HOMU",21,15,"26-May"
"1084",537,"W","HOMU","HOMU",17,13,"26-May"
"1085",537,"W","HOMU","HOMU",17,15,"26-May"
"1086",537,"W","HOMU","HOMU",17,14,"26-May"
"1087",538,"W","ACWR","HOMU",1,664,"26-May"
"1088",532,"D",NA,"HOMU",0,1184,"26-May"
"1089",532,"D",NA,"HOMU",0,1376,"26-May"
"1090",532,"D",NA,"HOMU",0,2496,"26-May"
"1091",442,"D",NA,"HOMU",0,268,"26-May"
"1092",442,"D",NA,"HOMU",0,544,"26-May"
"1093",442,"D",NA,"HOMU",0,360,"26-May"
"1094",451,"D",NA,"HOMU",0,720,"26-May"
"1095",451,"D",NA,"HOMU",0,976,"26-May"
"1096",508,"W",NA,"HOMU",0,600,"26-May"
"1097",508,"W",NA,"HOMU",0,920,"26-May"
"1098",529,"W",NA,"HOMU",0,1520,"26-May"
"1099",529,"W",NA,"HOMU",0,560,"26-May"
"1100",521,"D",NA,"HOMU",0,760,"26-May"
"1101",521,"D",NA,"HOMU",0,1888,"26-May"
"1102",538,"W",NA,"HOMU",0,1080,"26-May"
"1103",511,"D",NA,"HOMU",0,364,"9-Jun"
"1104",511,"D",NA,"HOMU",0,400,"9-Jun"
"1105",448,"W",NA,"HOMU",0,460,"21-Jun"
"1106",448,"W",NA,"HOMU",0,536,""
"1107",402,"D","ACWR","FEMI",3,468,"16-May"
"1108",402,"D","ACWR","FEMI",5,816,"5/16/19"
"1109",402,"D","ACWR","FEMI",13,1452,"5/16/19"
"1110",402,"D","ACWR","FEMI",11,1060,"5/16/19"
"1111",402,"D","ACWR","FEMI",12,1636,"5/16/19"
"1112",404,"D","HOMU","FEMI",14,26,"5/16/19"
"1113",404,"D","HOMU","FEMI",20,114,"5/16/19"
"1114",404,"D","HOMU","FEMI",15,54,"16-May"
"1115",405,"D","FEMI","FEMI",45,80,"16-May"
"1116",405,"D","FEMI","FEMI",45,30,"16-May"
"1117",405,"D","FEMI","FEMI",45,77,"16-May"
"1118",405,"D","FEMI","FEMI",125,11,"16-May"
"1119",405,"D","FEMI","FEMI",125,26,"16-May"
"1120",405,"D","FEMI","FEMI",125,13,"16-May"
"1121",405,"D","FEMI","FEMI",125,25,"16-May"
"1122",407,"W","HOMU","FEMI",4,198,"16-May"
"1123",407,"W","HOMU","FEMI",24,52,"16-May"
"1124",407,"W","HOMU","FEMI",15,203,"16-May"
"1125",407,"W","HOMU","FEMI",15,63,"16-May"
"1126",408,"W","PLER","FEMI",74,113,"16-May"
"1127",408,"W","PLER","FEMI",60,16,"16-May"
"1128",408,"W","PLER","FEMI",65,22,"28-Apr"
"1129",408,"W","PLER","FEMI",74,24,"16-May"
"1130",408,"W","PLER","FEMI",60,37,"16-May"
"1131",409,"W","FEMI","FEMI",55,113,"16-May"
"1132",409,"W","FEMI","FEMI",60,14,"16-May"
"1133",409,"W","FEMI","FEMI",60,86,"16-May"
"1134",409,"W","FEMI","FEMI",60,79,"16-May"
"1135",409,"W","FEMI","FEMI",60,75,"16-May"
"1136",410,"W",NA,"FEMI",0,2040,"25-May"
"1137",411,"D","FEMI","FEMI",80,6,"16-May"
"1138",411,"D","FEMI","FEMI",80,27,"16-May"
"1139",411,"D","FEMI","FEMI",80,7,"16-May"
"1140",411,"D","FEMI","FEMI",80,8,"16-May"
"1141",411,"D","FEMI","FEMI",80,15,"16-May"
"1142",411,"D","FEMI","FEMI",30,128,"16-May"
"1143",411,"D","FEMI","FEMI",30,16,"16-May"
"1144",411,"D","FEMI","FEMI",30,14,"16-May"
"1145",411,"D","FEMI","FEMI",30,100,"16-May"
"1146",411,"D","FEMI","FEMI",30,75,"16-May"
"1147",412,"D","SACO","FEMI",100,145,"16-May"
"1148",412,"D","SACO","FEMI",100,253,"16-May"
"1149",412,"D","SACO","FEMI",120,31,"16-May"
"1150",413,"D","HOMU","FEMI",15,33,"16-May"
"1151",413,"D","HOMU","FEMI",7,97,"16-May"
"1152",413,"D","HOMU","FEMI",3,124,"16-May"
"1153",413,"D","HOMU","FEMI",8,13,"16-May"
"1154",413,"D","HOMU","FEMI",13,48,"16-May"
"1155",413,"D","HOMU","FEMI",8,172,"16-May"
"1156",414,"D","PLER","FEMI",40,257,"16-May"
"1157",414,"D","PLER","FEMI",90,43,"16-May"
"1158",414,"D","PLER","FEMI",8,44,"16-May"
"1159",414,"D","PLER","FEMI",35,83,"16-May"
"1160",416,"W","SACO","FEMI",120,261,"16-May"
"1161",416,"W","SACO","FEMI",170,84,"16-May"
"1162",416,"W","SACO","FEMI",95,86,"16-May"
"1163",418,"W","FEMI","FEMI",26,97,"16-May"
"1164",418,"W","FEMI","FEMI",26,142,"16-May"
"1165",418,"W","FEMI","FEMI",26,52,"16-May"
"1166",418,"W","FEMI","FEMI",26,47,"16-May"
"1167",418,"W","FEMI","FEMI",38,45,"16-May"
"1168",419,"W","PLER","FEMI",23,161,"17-May"
"1169",419,"W","PLER","FEMI",90,21,"17-May"
"1170",419,"W","PLER","FEMI",24,95,"17-May"
"1171",419,"W","PLER","FEMI",90,20,"17-May"
"1172",420,"W","HOMU","FEMI",12,136,"5/17/19"
"1173",421,"D","HOMU","FEMI",10,34,"17-May"
"1174",421,"D","HOMU","FEMI",12,117,"17-May"
"1175",424,"D","ACWR","FEMI",25,57,"17-May"
"1176",424,"D","ACWR","FEMI",24,728,"17-May"
"1177",424,"D","ACWR","FEMI",14,600,"17-May"
"1178",425,"D","FEMI","FEMI",6,105,"17-May"
"1179",425,"D","FEMI","FEMI",6,95,"17-May"
"1180",425,"D","FEMI","FEMI",6,37,"17-May"
"1181",425,"D","FEMI","FEMI",6,202,"17-May"
"1182",425,"D","FEMI","FEMI",50,116,"17-May"
"1183",425,"D","FEMI","FEMI",50,111,"17-May"
"1184",425,"D","FEMI","FEMI",50,66,"17-May"
"1185",425,"D","FEMI","FEMI",50,38,"17-May"
"1186",426,"W","PLER","FEMI",23,52,"17-May"
"1187",426,"W","PLER","FEMI",23,60,"17-May"
"1188",426,"W","PLER","FEMI",40,91,"17-May"
"1189",426,"W","PLER","FEMI",10,634,"17-May"
"1190",426,"W","PLER","FEMI",10,265,"17-May"
"1191",426,"W","PLER","FEMI",28,77,"17-May"
"1192",427,"W","ACWR","FEMI",15,624,"17-May"
"1193",427,"W","ACWR","FEMI",20,104,"17-May"
"1194",427,"W","ACWR","FEMI",22,456,"17-May"
"1195",427,"W","HOMU","FEMI",4,645,"17-May"
"1196",428,"W","URLI","FEMI",40,390,"17-May"
"1197",428,"W","URLI","FEMI",22,744,"17-May"
"1198",428,"W","URLI","FEMI",45,264,"17-May"
"1199",428,"W","URLI","FEMI",100,444,"25-May"
"1200",428,"W","URLI","FEMI",52,832,"17-May"
"1201",430,"W","SACO","FEMI",46,688,"17-May"
"1202",430,"W","SACO","FEMI",80,1560,"17-May"
"1203",430,"W","SACO","FEMI",35,1752,"1-Jun"
"1204",430,"W","SACO","FEMI",35,260,"17-May"
"1205",430,"W","SACO","FEMI",115,43,"17-May"
"1206",431,"D","URLI","FEMI",165,928,"17-May"
"1207",431,"D","URLI","FEMI",34,83,"17-May"
"1208",431,"D","URLI","FEMI",140,220,"17-May"
"1209",433,"D","HOMU","FEMI",2,28,"17-May"
"1210",435,"D","PLER","FEMI",75,80,"17-May"
"1211",435,"D","PLER","FEMI",65,36,"17-May"
"1212",435,"D","PLER","FEMI",35,27,"17-May"
"1213",435,"D","PLER","FEMI",50,51,"17-May"
"1214",436,"W","URLI","FEMI",44,141,"17-May"
"1215",436,"W","URLI","FEMI",115,360,"1-Jun"
"1216",436,"W","URLI","FEMI",61,386,"17-May"
"1217",436,"W","URLI","FEMI",75,80,"17-May"
"1218",437,"W","ACWR","FEMI",36,90,"17-May"
"1219",437,"W","ACWR","FEMI",30,51,"17-May"
"1220",437,"W","ACWR","FEMI",60,260,"17-May"
"1221",444,"D","URLI","FEMI",90,106,"17-May"
"1222",444,"D","URLI","FEMI",68,530,"17-May"
"1223",444,"D","URLI","FEMI",80,462,"17-May"
"1224",445,"D","SACO","FEMI",70,980,"17-May"
"1225",445,"D","SACO","FEMI",14,1448,"17-May"
"1226",447,"W","ACWR","FEMI",28,620,"17-May"
"1227",447,"W","ACWR","FEMI",28,268,"17-May"
"1228",447,"W","ACWR","FEMI",10,117,"17-May"
"1229",449,"W","ACWR","FEMI",42,270,"17-May"
"1230",449,"W","ACWR","FEMI",9,1736,"17-May"
"1231",452,"D","ACWR","FEMI",23,378,"17-May"
"1232",454,"D","URLI","FEMI",11,150,"17-May"
"1233",456,"W","URLI","FEMI",29,1064,"17-May"
"1234",456,"W","URLI","FEMI",37,1168,"17-May"
"1235",457,"W","ACWR","FEMI",25,220,"17-May"
"1236",457,"W","ACWR","FEMI",3,2480,"17-May"
"1237",457,"W","ACWR","FEMI",11,604,"17-May"
"1238",459,"W","FEMI","FEMI",200,33,"19-May"
"1239",459,"W","FEMI","FEMI",200,15,"19-May"
"1240",459,"W","FEMI","FEMI",200,12,"19-May"
"1241",459,"W","FEMI","FEMI",200,32,"19-May"
"1242",459,"W","FEMI","FEMI",200,39,"19-May"
"1243",459,"W","FEMI","FEMI",100,45,"19-May"
"1244",462,"D","ACWR","FEMI",14,18,"19-May"
"1245",462,"D","ACWR","FEMI",23,2,"19-May"
"1246",462,"D","ACWR","FEMI",14,123,"19-May"
"1247",464,"D","FEMI","FEMI",100,12,"17-May"
"1248",464,"D","FEMI","FEMI",100,44,"17-May"
"1249",464,"D","FEMI","FEMI",100,24,"17-May"
"1250",464,"D","FEMI","FEMI",100,31,"17-May"
"1251",464,"D","FEMI","FEMI",100,37,"17-May"
"1252",464,"D","FEMI","FEMI",100,79,"17-May"
"1253",464,"D","FEMI","FEMI",100,47,"17-May"
"1254",464,"D","FEMI","FEMI",140,21,"19-May"
"1255",464,"D","FEMI","FEMI",140,24,"19-May"
"1256",464,"D","FEMI","FEMI",140,4,"19-May"
"1257",464,"D","FEMI","FEMI",140,4,"19-May"
"1258",464,"D","FEMI","FEMI",140,4,"19-May"
"1259",464,"D","FEMI","FEMI",140,16,"19-May"
"1260",464,"D","FEMI","FEMI",140,18,"19-May"
"1261",467,"W","ACWR","FEMI",42,338,"19-May"
"1262",468,"W","HOMU","FEMI",10,88,"19-May"
"1263",468,"W","HOMU","FEMI",9,80,"19-May"
"1264",470,"W","FEMI","FEMI",130,27,"19-May"
"1265",470,"W","FEMI","FEMI",130,71,"19-May"
"1266",470,"W","FEMI","FEMI",130,48,"19-May"
"1267",470,"W","FEMI","FEMI",130,58,"19-May"
"1268",470,"W","FEMI","FEMI",100,9,"19-May"
"1269",470,"W","FEMI","FEMI",100,52,"19-May"
"1270",470,"W","FEMI","FEMI",100,47,"19-May"
"1271",470,"W","FEMI","FEMI",100,15,"19-May"
"1272",470,"W","FEMI","FEMI",100,9,"19-May"
"1273",470,"W","FEMI","FEMI",100,24,"19-May"
"1274",475,"D","HOMU","FEMI",10,292,"19-May"
"1275",475,"D","HOMU","FEMI",16,136,"19-May"
"1276",475,"D","HOMU","FEMI",15,61,"19-May"
"1277",475,"D","HOMU","FEMI",14,24,"19-May"
"1278",475,"D","HOMU","FEMI",10,33,"19-May"
"1279",475,"D","HOMU","FEMI",16,134,"19-May"
"1280",477,"W","HOMU","FEMI",16,66,"19-May"
"1281",477,"W","HOMU","FEMI",8,174,"19-May"
"1282",478,"W","PLER","FEMI",150,21,"19-May"
"1283",478,"W","PLER","FEMI",150,33,"19-May"
"1284",478,"W","PLER","FEMI",150,12,"19-May"
"1285",478,"W","PLER","FEMI",150,60,"19-May"
"1286",478,"W","PLER","FEMI",145,33,"19-May"
"1287",480,"W","ACWR","FEMI",6,556,"19-May"
"1288",480,"W","ACWR","FEMI",2,3360,"5/19/19"
"1289",480,"W",NA,"FEMI",0,3504,"19-May"
"1290",481,"D","PLER","FEMI",180,60,"19-May"
"1291",481,"D","PLER","FEMI",100,54,"19-May"
"1292",482,"D","HOMU","FEMI",12,184,"19-May"
"1293",482,"D","HOMU","FEMI",14,268,"19-May"
"1294",483,"D","PLER","FEMI",80,28,"19-May"
"1295",483,"D","PLER","FEMI",90,158,"19-May"
"1296",483,"D","PLER","FEMI",19,90,"19-May"
"1297",485,"D","FEMI","FEMI",150,78,"19-May"
"1298",485,"D","FEMI","FEMI",150,30,"19-May"
"1299",485,"D","FEMI","FEMI",150,65,"19-May"
"1300",485,"D","FEMI","FEMI",150,30,"19-May"
"1301",485,"D","FEMI","FEMI",150,51,"19-May"
"1302",485,"D","FEMI","FEMI",150,99,"19-May"
"1303",485,"D","FEMI","FEMI",130,40,"19-May"
"1304",485,"D","FEMI","FEMI",130,33,"19-May"
"1305",485,"D","FEMI","FEMI",130,27,"19-May"
"1306",485,"D","FEMI","FEMI",130,99,"19-May"
"1307",485,"D","FEMI","FEMI",130,48,"19-May"
"1308",486,"W","PLER","FEMI",75,48,"19-May"
"1309",486,"W","PLER","FEMI",85,70,"19-May"
"1310",486,"W","PLER","FEMI",100,297,"19-May"
"1311",486,"W","PLER","FEMI",29,93,"19-May"
"1312",487,"W","FEMI","FEMI",65,270,"19-May"
"1313",487,"W","FEMI","FEMI",65,32,"19-May"
"1314",487,"W","FEMI","FEMI",65,63,"19-May"
"1315",487,"W","FEMI","FEMI",65,78,"19-May"
"1316",487,"W","FEMI","FEMI",65,32,"19-May"
"1317",487,"W","FEMI","FEMI",35,32,"19-May"
"1318",487,"W","FEMI","FEMI",35,64,"19-May"
"1319",487,"W","FEMI","FEMI",35,34,"19-May"
"1320",487,"W","FEMI","FEMI",35,28,"19-May"
"1321",489,"W","SACO","FEMI",11,720,"20-May"
"1322",489,"W","SACO","FEMI",65,408,"20-May"
"1323",491,"D","SACO","FEMI",15,720,"20-May"
"1324",491,"D","HOMU","FEMI",6,186,"20-May"
"1325",492,"D","FEMI","FEMI",80,16,"20-May"
"1326",492,"D","FEMI","FEMI",80,24,"20-May"
"1327",492,"D","FEMI","FEMI",80,51,"20-May"
"1328",492,"D","FEMI","FEMI",80,63,"20-May"
"1329",492,"D","FEMI","FEMI",80,30,"20-May"
"1330",499,"W","HOMU","FEMI",4,258,"20-May"
"1331",499,"W","HOMU","FEMI",5,636,"25-May"
"1332",499,"W",NA,"FEMI",0,1056,"25-May"
"1333",500,"W","SACO","FEMI",100,216,"20-May"
"1334",500,"W","SACO","FEMI",24,234,"20-May"
"1335",500,"W","SACO","FEMI",180,258,"20-May"
"1336",500,"W","SACO","FEMI",120,150,"20-May"
"1337",500,"W","SACO","FEMI",180,270,"20-May"
"1338",501,"D","SACO","FEMI",85,246,"20-May"
"1339",501,"D","SACO","FEMI",37,552,"20-May"
"1340",501,"D","SACO","FEMI",45,828,"20-May"
"1341",502,"D","PLER","FEMI",26,192,"20-May"
"1342",502,"D","PLER","FEMI",26,74,"20-May"
"1343",504,"D","HOMU","FEMI",4,252,"20-May"
"1344",504,"D","HOMU","FEMI",8,528,"20-May"
"1345",505,"D","URLI","FEMI",160,552,"20-May"
"1346",505,"D","URLI","FEMI",95,624,"20-May"
"1347",505,"D","URLI","FEMI",95,1152,"20-May"
"1348",506,"W","SACO","FEMI",88,432,"20-May"
"1349",506,"W","SACO","FEMI",13,456,"20-May"
"1350",507,"W","SACO","FEMI",16,312,"20-May"
"1351",507,"W","PLER","FEMI",7,222,"20-May"
"1352",510,"W","URLI","FEMI",29,1512,"20-May"
"1353",513,"D","SACO","FEMI",55,63,"20-May"
"1354",515,"D","SACO","FEMI",75,276,"20-May"
"1355",515,"D","SACO","FEMI",90,138,"20-May"
"1356",515,"D","SACO","FEMI",60,351,"20-May"
"1357",515,"D","SACO","FEMI",15,240,"20-May"
"1358",516,"W","SACO","FEMI",34,36,"20-May"
"1359",516,"W","SACO","FEMI",63,54,"20-May"
"1360",518,"W","URLI","FEMI",31,324,"20-May"
"1361",519,"W","ACWR","FEMI",16,480,"26-May"
"1362",519,"W","ACWR","FEMI",15,396,"20-May"
"1363",519,"W","ACWR","FEMI",11,300,"20-May"
"1364",520,"W","ACWR","FEMI",35,360,"20-May"
"1365",520,"W","ACWR","FEMI",38,180,"20-May"
"1366",522,"D","URLI","FEMI",2,372,"5/20/19"
"1367",522,"D","URLI","FEMI",19,1332,"20-May"
"1368",524,"D","ACWR","FEMI",60,252,"20-May"
"1369",525,"D","SACO","FEMI",7,828,"20-May"
"1370",525,"D","SACO","FEMI",3,1632,"20-May"
"1371",526,"W","FEMI","FEMI",100,36,"20-May"
"1372",526,"W","FEMI","FEMI",100,78,"20-May"
"1373",526,"W","FEMI","FEMI",100,57,"20-May"
"1374",526,"W","FEMI","FEMI",100,21,"20-May"
"1375",526,"W","FEMI","FEMI",100,75,"20-May"
"1376",526,"W","FEMI","FEMI",150,54,"20-May"
"1377",526,"W","FEMI","FEMI",150,36,"20-May"
"1378",526,"W","FEMI","FEMI",150,45,"20-May"
"1379",526,"W","FEMI","FEMI",150,27,"20-May"
"1380",526,"W","FEMI","FEMI",150,75,"20-May"
"1381",528,"W","URLI","FEMI",8,3360,"20-May"
"1382",528,"W","URLI","FEMI",38,3024,"20-May"
"1383",530,"W","ACWR","FEMI",15,1128,"20-May"
"1384",530,"W","ACWR","FEMI",4,1152,"20-May"
"1385",531,"D","ACWR","FEMI",14,1656,"20-May"
"1386",531,"D","ACWR","FEMI",24,369,"20-May"
"1387",531,"D","ACWR","FEMI",23,660,"20-May"
"1388",533,"D","URLI","FEMI",8,792,"20-May"
"1389",537,"W","HOMU","FEMI",17,96,"20-May"
"1390",538,"W","ACWR","FEMI",29,354,"20-May"
"1391",538,"W","ACWR","FEMI",2,330,"20-May"
"1392",483,"D","PLER","FEMI",85,105,"19-May"
"1393",451,"D",NA,"FEMI",0,150,"20-May"
"1394",451,"D",NA,"FEMI",0,222,"20-May"
"1395",451,"D",NA,"FEMI",0,366,"20-May"
"1396",442,"D",NA,"FEMI",0,444,"20-May"
"1397",442,"D",NA,"FEMI",0,522,"20-May"
"1398",448,"W",NA,"FEMI",0,624,"20-May"
"1399",511,"D",NA,"FEMI",0,456,"20-May"
"1400",511,"D",NA,"FEMI",0,279,"20-May"
"1401",521,"D",NA,"FEMI",0,720,"20-May"
"1402",521,"D",NA,"FEMI",0,432,"20-May"
"1403",521,"D",NA,"FEMI",0,1632,"20-May"
"1404",521,"D",NA,"FEMI",0,2784,"20-May"
"1405",529,"W",NA,"FEMI",0,2928,"20-May"
"1406",529,"W",NA,"FEMI",0,4128,"20-May"
"1407",532,"D",NA,"FEMI",0,1488,"20-May"
"1408",532,"D",NA,"FEMI",0,1872,"20-May"
"1409",532,"D",NA,"FEMI",0,3600,"20-May"
"1410",490,"W",NA,"FEMI",0,4656,"20-May"
"1411",508,"W",NA,"FEMI",0,3408,""
"1412",404,"D","HOMU","URLI",16,25.43181818,"4/28/19"
"1413",404,"D","HOMU","URLI",14,127.1590909,"28-Apr"
"1414",407,"W","HOMU","URLI",9,101.7272727,"28-Apr"
"1415",407,"W","HOMU","URLI",8,152.5909091,"28-Apr"
"1416",407,"W","HOMU","URLI",1,76.29545455,"28-Apr"
"1417",407,"W","HOMU","URLI",2,50.86363636,"28-Apr"
"1418",408,"W","PLER","URLI",65,25.43181818,"4/22/19"
"1419",408,"W","PLER","URLI",37,25.43181818,"4/22/19"
"1420",409,"W","FEMI","URLI",29,50.86363636,"4/22/19"
"1421",409,"W","FEMI","URLI",18,50.86363636,"28-Apr"
"1422",411,"D","FEMI","URLI",43,25.43181818,"28-Apr"
"1423",411,"D","FEMI","URLI",13,101.7272727,"28-Apr"
"1424",411,"D","FEMI","URLI",20,76.29545455,"28-Apr"
"1425",411,"D","FEMI","URLI",28,25.43181818,"28-Apr"
"1426",412,"D","SACO","URLI",60,25.43181818,"4/22/19"
"1427",413,"D","HOMU","URLI",16,50.86363636,"28-Apr"
"1428",413,"D","HOMU","URLI",4,10,"28-Apr"
"1429",413,"D","HOMU","URLI",4,10,"28-Apr"
"1430",413,"D",NA,"URLI",0,152.5909091,"28-Apr"
"1431",413,"D","HOMU","URLI",20,25.43181818,"4/22/19"
"1432",414,"D","PLER","URLI",15,50.86363636,"28-Apr"
"1433",416,"W","SACO","URLI",55,25.43181818,"4/22/19"
"1434",416,"W","SACO","URLI",50,10,"28-Apr"
"1435",418,"W","FEMI","URLI",25,25.43181818,"28-Apr"
"1436",419,"W","PLER","URLI",22,76.29545455,"28-Apr"
"1437",419,"W","PLER","URLI",70,25.43181818,"28-Apr"
"1438",421,"D","HOMU","URLI",8,25.43181818,"28-Apr"
"1439",421,"D","HOMU","URLI",7,50.86363636,"4/28/19"
"1440",421,"D","HOMU","URLI",7,76.29545455,"28-Apr"
"1441",424,"D","ACWR","URLI",50,25.43181818,"28-Apr"
"1442",424,"D","ACWR","URLI",28,50.86363636,"28-Apr"
"1443",424,"D","ACWR","URLI",28,50.86363636,"28-Apr"
"1444",424,"D","ACWR","URLI",8,101.7272727,"28-Apr"
"1445",424,"D","ACWR","URLI",15,76.29545455,"4/28/19"
"1446",425,"D","FEMI","URLI",60,178.0227273,"28-Apr"
"1447",425,"D","FEMI","URLI",10,10,"28-Apr"
"1448",426,"W","PLER","URLI",12,76.29545455,"28-Apr"
"1449",426,"W","PLER","URLI",64,25.43181818,"4/22/19"
"1450",427,"W","HOMU","URLI",3,50.86363636,"28-Apr"
"1451",427,"W","HOMU","URLI",8,25.43181818,"28-Apr"
"1452",427,"W","HOMU","URLI",3,50.86363636,"28-Apr"
"1453",427,"W","HOMU","URLI",3,50.86363636,"28-Apr"
"1454",427,"W","HOMU","URLI",7,76.29545455,"28-Apr"
"1455",428,"W","URLI","URLI",170,25.43181818,"28-Apr"
"1456",428,"W","URLI","URLI",170,25.43181818,"28-Apr"
"1457",428,"W","URLI","URLI",170,25.43181818,"28-Apr"
"1458",428,"W","URLI","URLI",170,25.43181818,"28-Apr"
"1459",428,"W","URLI","URLI",200,101.7272727,"28-Apr"
"1460",428,"W","URLI","URLI",200,25.43181818,"28-Apr"
"1461",428,"W","URLI","URLI",200,101.7272727,"28-Apr"
"1462",428,"W","URLI","URLI",200,127.1590909,"28-Apr"
"1463",428,"W","URLI","URLI",200,25.43181818,"28-Apr"
"1464",428,"W","URLI","URLI",200,127.1590909,"28-Apr"
"1465",428,"W","URLI","URLI",200,101.7272727,"28-Apr"
"1466",430,"W","SACO","URLI",8,50.86363636,"28-Apr"
"1467",431,"D","URLI","URLI",150,10,"28-Apr"
"1468",431,"D","URLI","URLI",150,10,"28-Apr"
"1469",431,"D","URLI","URLI",150,10,"28-Apr"
"1470",431,"D","URLI","URLI",150,10,"28-Apr"
"1471",431,"D","URLI","URLI",150,10,"28-Apr"
"1472",431,"D","URLI","URLI",150,10,"28-Apr"
"1473",431,"D","URLI","URLI",150,10,"28-Apr"
"1474",431,"D","URLI","URLI",150,10,"28-Apr"
"1475",433,"D","HOMU","URLI",7,25.43181818,"4/22/19"
"1476",433,"D","HOMU","URLI",5,25.43181818,"28-Apr"
"1477",433,"D","HOMU","URLI",6,50.86363636,"28-Apr"
"1478",435,"D","PLER","URLI",75,25.43181818,"28-Apr"
"1479",436,"W","URLI","URLI",55,76.29545455,"28-Apr"
"1480",436,"W","URLI","URLI",55,25.43181818,"28-Apr"
"1481",436,"W","URLI","URLI",55,50.86363636,"28-Apr"
"1482",436,"W","URLI","URLI",55,76.29545455,"28-Apr"
"1483",436,"W","URLI","URLI",55,25.43181818,"28-Apr"
"1484",436,"W","URLI","URLI",55,50.86363636,"28-Apr"
"1485",437,"W","ACWR","URLI",11,101.7272727,"28-Apr"
"1486",437,"W","ACWR","URLI",10,152.5909091,"28-Apr"
"1487",444,"D","URLI","URLI",120,25.43181818,"28-Apr"
"1488",444,"D","URLI","URLI",120,25.43181818,"28-Apr"
"1489",444,"D","URLI","URLI",120,25.43181818,"28-Apr"
"1490",444,"D","URLI","URLI",120,25.43181818,"28-Apr"
"1491",444,"D","URLI","URLI",120,50.86363636,"28-Apr"
"1492",444,"D","URLI","URLI",120,50.86363636,"28-Apr"
"1493",444,"D","URLI","URLI",120,25.43181818,"28-Apr"
"1494",444,"D","URLI","URLI",100,25.43181818,"28-Apr"
"1495",444,"D","URLI","URLI",100,25.43181818,"28-Apr"
"1496",444,"D","URLI","URLI",100,25.43181818,"28-Apr"
"1497",444,"D","URLI","URLI",100,50.86363636,"28-Apr"
"1498",444,"D","URLI","URLI",100,50.86363636,"28-Apr"
"1499",444,"D","URLI","URLI",100,25.43181818,"28-Apr"
"1500",445,"D","SACO","URLI",34,50.86363636,"28-Apr"
"1501",445,"D","PLER","URLI",11,101.7272727,"4/22/19"
"1502",445,"D","PLER","URLI",7,76.29545455,"4/22/19"
"1503",447,"W","ACWR","URLI",22,25.43181818,"4/22/19"
"1504",447,"W","ACWR","URLI",44,25.43181818,"28-Apr"
"1505",447,"W","ACWR","URLI",10,101.7272727,"28-Apr"
"1506",449,"W","ACWR","URLI",40,25.43181818,"28-Apr"
"1507",449,"W","ACWR","URLI",17,50.86363636,"28-Apr"
"1508",452,"D","ACWR","URLI",33,10,"28-Apr"
"1509",452,"D","ACWR","URLI",80,10,"28-Apr"
"1510",452,"D","ACWR","URLI",80,25.43181818,"28-Apr"
"1511",456,"W","URLI","URLI",26,25.43181818,"28-Apr"
"1512",456,"W","URLI","URLI",26,25.43181818,"28-Apr"
"1513",456,"W","URLI","URLI",26,25.43181818,"28-Apr"
"1514",456,"W","URLI","URLI",26,25.43181818,"28-Apr"
"1515",456,"W","URLI","URLI",26,25.43181818,"28-Apr"
"1516",456,"W","URLI","URLI",26,50.86363636,"28-Apr"
"1517",456,"W","URLI","URLI",26,50.86363636,"28-Apr"
"1518",456,"W","URLI","URLI",40,50.86363636,"28-Apr"
"1519",457,"W","ACWR","URLI",7,25.43181818,"4/22/19"
"1520",457,"W","ACWR","URLI",17,127.1590909,"28-Apr"
"1521",459,"W","FEMI","URLI",85,10,"28-Apr"
"1522",462,"D","ACWR","URLI",17,101.7272727,"28-Apr"
"1523",462,"D","ACWR","URLI",17,50.86363636,"28-Apr"
"1524",462,"D","ACWR","URLI",37,50.86363636,"28-Apr"
"1525",464,"D","FEMI","URLI",140,50.86363636,"28-Apr"
"1526",464,"D","FEMI","URLI",130,10,"28-Apr"
"1527",467,"W","PLER","URLI",115,25.43181818,"28-Apr"
"1528",467,"W","ACWR","URLI",15,25.43181818,"4/22/19"
"1529",468,"W","HOMU","URLI",10,25.43181818,"28-Apr"
"1530",468,"W","HOMU","URLI",10,25.43181818,"28-Apr"
"1531",468,"W","HOMU","URLI",5,25.43181818,"28-Apr"
"1532",470,"W","FEMI","URLI",33,25.43181818,"28-Apr"
"1533",470,"W","FEMI","URLI",65,25.43181818,"4/22/19"
"1534",475,"D","HOMU","URLI",19,25.43181818,"4/22/19"
"1535",475,"D","HOMU","URLI",16,25.43181818,"4/22/19"
"1536",477,"W","HOMU","URLI",8,50.86363636,"28-Apr"
"1537",477,"W","HOMU","URLI",5,127.1590909,"28-Apr"
"1538",480,"W","ACWR","URLI",5,152.5909091,"28-Apr"
"1539",480,"W","ACWR","URLI",1,25.43181818,"4/22/19"
"1540",481,"D","PLER","URLI",105,10,"4/22/19"
"1541",481,"D","PLER","URLI",150,25.43181818,"4/22/19"
"1542",481,"D","PLER","URLI",95,10,"28-Apr"
"1543",481,"D","PLER","URLI",95,10,"4/22/19"
"1544",482,"D","HOMU","URLI",11,50.86363636,"28-Apr"
"1545",482,"D","HOMU","URLI",13,50.86363636,"28-Apr"
"1546",483,"D","PLER","URLI",115,25.43181818,"28-Apr"
"1547",483,"D","PLER","URLI",33,203.4545455,"28-Apr"
"1548",483,"D","PLER","URLI",44,50.86363636,"28-Apr"
"1549",483,"D","PLER","URLI",30,25.43181818,"28-Apr"
"1550",485,"D","FEMI","URLI",23,25.43181818,"4/22/19"
"1551",485,"D","FEMI","URLI",55,25.43181818,"4/22/19"
"1552",485,"D","FEMI","URLI",25,25.43181818,"4/22/19"
"1553",485,"D","FEMI","URLI",85,25.43181818,"4/22/19"
"1554",485,"D","FEMI","URLI",100,25.43181818,"4/22/19"
"1555",486,"W","PLER","URLI",75,25.43181818,"4/28/19"
"1556",486,"W","PLER","URLI",45,25.43181818,"28-Apr"
"1557",486,"W","PLER","URLI",14,50.86363636,"28-Apr"
"1558",487,"W","PLER","URLI",80,101.7272727,"28-Apr"
"1559",487,"W","PLER","URLI",23,25.43181818,"28-Apr"
"1560",487,"W","FEMI","URLI",30,50.86363636,"28-Apr"
"1561",489,"W","SACO","URLI",63,25.43181818,"28-Apr"
"1562",489,"W","SACO","URLI",15,50.86363636,"28-Apr"
"1563",491,"D","HOMU","URLI",13,25.43181818,"28-Apr"
"1564",491,"D","SACO","URLI",12,25.43181818,"28-Apr"
"1565",491,"D","SACO","URLI",10,25.43181818,"4/22/19"
"1566",491,"D","SACO","URLI",1,25.43181818,"28-Apr"
"1567",492,"D","FEMI","URLI",20,25.43181818,"28-Apr"
"1568",492,"D","FEMI","URLI",80,25.43181818,"28-Apr"
"1569",492,"D","FEMI","URLI",90,10,"28-Apr"
"1570",499,"W","HOMU","URLI",3,50.86363636,"28-Apr"
"1571",499,"W","HOMU","URLI",16,25.43181818,"28-Apr"
"1572",499,"W","HOMU","URLI",3,50.86363636,"28-Apr"
"1573",499,"W","HOMU","URLI",3,25.43181818,"20-Jun"
"1574",499,"W","HOMU","URLI",15,25.43181818,"4/22/19"
"1575",499,"W","HOMU","URLI",2,50.86363636,"4/22/19"
"1576",500,"W","SACO","URLI",60,25.43181818,"4/22/19"
"1577",500,"W","SACO","URLI",75,10,"28-Apr"
"1578",500,"W","SACO","URLI",130,10,"28-Apr"
"1579",500,"W","SACO","URLI",150,10,"28-Apr"
"1580",501,"D","SACO","URLI",100,50.86363636,"28-Apr"
"1581",501,"D","SACO","URLI",40,50.86363636,"28-Apr"
"1582",501,"D","SACO","URLI",65,1093.568182,"28-Apr"
"1583",501,"D","SACO","URLI",65,76.29545455,"28-Apr"
"1584",502,"D","PLER","URLI",31,228.8863636,"28-Apr"
"1585",502,"D","PLER","URLI",25,25.43181818,"28-Apr"
"1586",504,"D","HOMU","URLI",5,25.43181818,"28-Apr"
"1587",504,"D","HOMU","URLI",1,25.43181818,"28-Apr"
"1588",504,"D","HOMU","URLI",1,50.86363636,"28-Apr"
"1589",504,"D","HOMU","URLI",6,50.86363636,"28-Apr"
"1590",505,"D","URLI","URLI",84,25.43181818,"28-Apr"
"1591",505,"D","URLI","URLI",84,25.43181818,"28-Apr"
"1592",505,"D","URLI","URLI",84,25.43181818,"28-Apr"
"1593",505,"D","URLI","URLI",84,25.43181818,"28-Apr"
"1594",505,"D","URLI","URLI",84,25.43181818,"28-Apr"
"1595",505,"D","URLI","URLI",84,25.43181818,"28-Apr"
"1596",506,"W","SACO","URLI",6,864.6818182,"28-Apr"
"1597",506,"W","SACO","URLI",19,457.7727273,"28-Apr"
"1598",507,"W","SACO","URLI",15,813.8181818,"28-Apr"
"1599",507,"W","PLER","URLI",7,101.7272727,"28-Apr"
"1600",510,"W","URLI","URLI",45,50.86363636,"28-Apr"
"1601",512,"D","URLI","URLI",23,10,"28-Apr"
"1602",515,"D","SACO","URLI",65,25.43181818,"28-Apr"
"1603",515,"D","SACO","URLI",90,50.86363636,"28-Apr"
"1604",515,"D","SACO","URLI",90,25.43181818,"28-Apr"
"1605",515,"D","SACO","URLI",35,76.29545455,"28-Apr"
"1606",515,"D","SACO","URLI",35,76.29545455,"28-Apr"
"1607",518,"W","URLI","URLI",10,25.43181818,"28-Apr"
"1608",518,"W","URLI","URLI",10,25.43181818,"28-Apr"
"1609",518,"W","URLI","URLI",10,25.43181818,"28-Apr"
"1610",518,"W","URLI","URLI",10,25.43181818,"28-Apr"
"1611",518,"W","URLI","URLI",10,25.43181818,"28-Apr"
"1612",518,"W","URLI","URLI",10,25.43181818,"28-Apr"
"1613",518,"W","URLI","URLI",29,76.29545455,"28-Apr"
"1614",518,"W","URLI","URLI",29,25.43181818,"28-Apr"
"1615",518,"W","URLI","URLI",29,76.29545455,"28-Apr"
"1616",518,"W","URLI","URLI",29,76.29545455,"28-Apr"
"1617",519,"W","ACWR","URLI",36,50.86363636,"28-Apr"
"1618",519,"W","ACWR","URLI",13,25.43181818,"28-Apr"
"1619",519,"W","ACWR","URLI",14,101.7272727,"28-Apr"
"1620",519,"W","ACWR","URLI",14,76.29545455,"28-Apr"
"1621",520,"W","ACWR","URLI",25,50.86363636,"28-Apr"
"1622",520,"W","ACWR","URLI",40,10,"28-Apr"
"1623",522,"D","URLI","URLI",2,25.43181818,"28-Apr"
"1624",522,"D","URLI","URLI",2,76.29545455,"28-Apr"
"1625",522,"D","URLI","URLI",32,25.43181818,"28-Apr"
"1626",522,"D","URLI","URLI",32,25.43181818,"28-Apr"
"1627",522,"D","URLI","URLI",32,25.43181818,"28-Apr"
"1628",522,"D","URLI","URLI",32,25.43181818,"28-Apr"
"1629",522,"D","URLI","URLI",32,25.43181818,"28-Apr"
"1630",522,"D","URLI","URLI",32,127.1590909,"28-Apr"
"1631",522,"D","URLI","URLI",32,127.1590909,"28-Apr"
"1632",524,"D","ACWR","URLI",44,50.86363636,"28-Apr"
"1633",524,"D","ACWR","URLI",23,25.43181818,"28-Apr"
"1634",525,"D","SACO","URLI",5,305.1818182,"28-Apr"
"1635",525,"D","SACO","URLI",6,50.86363636,"28-Apr"
"1636",526,"W","FEMI","URLI",50,10,"28-Apr"
"1637",526,"W","FEMI","URLI",150,25.43181818,"28-Apr"
"1638",528,"W","URLI","URLI",30,25.43181818,"28-Apr"
"1639",528,"W","URLI","URLI",30,25.43181818,"28-Apr"
"1640",528,"W","URLI","URLI",30,25.43181818,"28-Apr"
"1641",528,"W","URLI","URLI",30,25.43181818,"28-Apr"
"1642",528,"W","URLI","URLI",30,25.43181818,"28-Apr"
"1643",528,"W","URLI","URLI",30,25.43181818,"28-Apr"
"1644",528,"W","URLI","URLI",95,25.43181818,"28-Apr"
"1645",528,"W","URLI","URLI",95,25.43181818,"28-Apr"
"1646",528,"W","URLI","URLI",95,25.43181818,"28-Apr"
"1647",528,"W","URLI","URLI",95,25.43181818,"28-Apr"
"1648",528,"W","URLI","URLI",95,25.43181818,"28-Apr"
"1649",528,"W","URLI","URLI",95,25.43181818,"28-Apr"
"1650",530,"W","ACWR","URLI",6,101.7272727,"28-Apr"
"1651",530,"W","ACWR","URLI",16,76.29545455,"28-Apr"
"1652",531,"D","ACWR","URLI",24,25.43181818,"28-Apr"
"1653",531,"D","ACWR","URLI",20,76.29545455,"28-Apr"
"1654",531,"D","ACWR","URLI",24,178.0227273,"28-Apr"
"1655",533,"D","URLI","URLI",9,25.43181818,"28-Apr"
"1656",533,"D","URLI","URLI",9,25.43181818,"28-Apr"
"1657",533,"D","URLI","URLI",9,25.43181818,"28-Apr"
"1658",533,"D","URLI","URLI",9,25.43181818,"28-Apr"
"1659",533,"D","URLI","URLI",9,25.43181818,"28-Apr"
"1660",533,"D","URLI","URLI",9,25.43181818,"28-Apr"
"1661",451,"D",NA,"URLI",0,279.75,"28-Apr"
"1662",451,"D",NA,"URLI",0,305.1818182,"28-Apr"
"1663",451,"D",NA,"URLI",0,50.86363636,"28-Apr"
"1664",442,"D",NA,"URLI",0,279.75,"28-Apr"
"1665",466,"W",NA,"URLI",0,127.1590909,"28-Apr"
"1666",494,"D",NA,"URLI",0,101.7272727,"28-Apr"
"1667",521,"D",NA,"URLI",0,76.29545455,"28-Apr"
"1668",529,"W",NA,"URLI",0,1322.454545,"28-Apr"
"1669",529,"W",NA,"URLI",0,712.0909091,"28-Apr"
"1670",332,"D",NA,"URLI",0,76.29545455,"28-Apr"
"1671",332,"D",NA,"URLI",0,203.4545455,"28-Apr"
"1672",508,"W",NA,"URLI",0,1093.568182,"28-Apr"
"1673",508,"W",NA,"URLI",0,1119,"28-Apr"
"1674",448,"W",NA,"URLI",0,178.0227273,"28-Apr"
"1675",448,"W",NA,"URLI",0,76.29545455,"28-Apr"
"1676",532,"D",NA,"URLI",0,203.4545455,""
"1677",532,"D",NA,"URLI",0,406.9090909,""
